,shape_id,shape_pt_sequence,elevation
0,60-1-d12-1.1.O,1,55
1,60-1-d12-1.1.O,2,55
2,60-1-d12-1.1.O,3,59
3,60-1-d12-1.1.O,4,59
4,60-1-d12-1.1.O,5,58
5,60-1-d12-1.1.O,6,58
6,60-1-d12-1.1.O,7,58
7,60-1-d12-1.1.O,8,54
8,60-1-d12-1.1.O,9,54
9,60-1-d12-1.1.O,10,54
10,60-1-d12-1.1.O,11,54
11,60-1-d12-1.1.O,12,53
12,60-1-d12-1.1.O,13,53
13,60-1-d12-1.1.O,14,53
14,60-1-d12-1.1.O,15,53
15,60-1-d12-1.1.O,16,51
16,60-1-d12-1.1.O,17,51
17,60-1-d12-1.1.O,18,51
18,60-1-d12-1.1.O,19,51
19,60-1-d12-1.1.O,20,52
20,60-1-d12-1.1.O,21,52
21,60-1-d12-1.1.O,22,52
22,60-1-d12-1.1.O,23,52
23,60-1-d12-1.1.O,24,52
24,60-1-d12-1.1.O,25,52
25,60-1-d12-1.1.O,26,52
26,60-1-d12-1.1.O,27,52
27,60-1-d12-1.1.O,28,46
28,60-1-d12-1.1.O,29,46
29,60-1-d12-1.1.O,30,46
30,60-1-d12-1.1.O,31,46
31,60-1-d12-1.1.O,32,46
32,60-1-d12-1.1.O,33,46
33,60-1-d12-1.1.O,34,46
34,60-1-d12-1.1.O,35,46
35,60-1-d12-1.1.O,36,45
36,60-1-d12-1.1.O,37,46
37,60-1-d12-1.1.O,38,46
38,60-1-d12-1.1.O,39,46
39,60-1-d12-1.1.O,40,46
40,60-1-d12-1.1.O,41,46
41,60-1-d12-1.1.O,42,46
42,60-1-d12-1.1.O,43,46
43,60-1-d12-1.1.O,44,46
44,60-1-d12-1.1.O,45,46
45,60-1-d12-1.1.O,46,44
46,60-1-d12-1.1.O,47,44
47,60-1-d12-1.1.O,48,44
48,60-1-d12-1.1.O,49,42
49,60-1-d12-1.1.O,50,42
50,60-1-d12-1.1.O,51,42
51,60-1-d12-1.1.O,52,33
52,60-1-d12-1.1.O,53,33
53,60-1-d12-1.1.O,54,33
54,60-1-d12-1.1.O,55,28
55,60-1-d12-1.1.O,56,28
56,60-1-d12-1.1.O,57,29
57,60-1-d12-1.1.O,58,29
58,60-1-d12-1.1.O,59,29
59,60-1-d12-1.1.O,60,29
60,60-1-d12-1.1.O,61,22
61,60-1-d12-1.1.O,62,22
62,60-1-d12-1.1.O,63,22
63,60-1-d12-1.1.O,64,19
64,60-1-d12-1.1.O,65,19
65,60-1-d12-1.1.O,66,11
66,60-1-d12-1.1.O,67,11
67,60-1-d12-1.1.O,68,11
68,60-1-d12-1.1.O,69,7
69,60-1-d12-1.1.O,70,7
70,60-1-d12-1.1.O,71,7
71,60-1-d12-1.1.O,72,7
72,60-1-d12-1.1.O,73,20
73,60-1-d12-1.1.O,74,20
74,60-1-d12-1.1.O,75,20
75,60-1-d12-1.1.O,76,19
76,60-1-d12-1.1.O,77,15
77,60-1-d12-1.1.O,78,15
78,60-1-d12-1.1.O,79,17
79,60-1-d12-1.1.O,80,17
80,60-1-d12-1.1.O,81,11
81,60-1-d12-1.1.O,82,11
82,60-1-d12-1.1.O,83,11
83,60-1-d12-1.1.O,84,11
84,60-1-d12-1.1.O,85,15
85,60-1-d12-1.1.O,86,15
86,60-1-d12-1.1.O,87,15
87,60-1-d12-1.1.O,88,15
88,60-1-d12-1.1.O,89,19
89,60-1-d12-1.1.O,90,19
90,60-1-d12-1.1.O,91,19
91,60-1-d12-1.1.O,92,19
92,60-1-d12-1.1.O,93,19
93,60-1-d12-1.1.O,94,21
94,60-1-d12-1.1.O,95,21
95,60-1-d12-1.1.O,96,18
96,60-1-d12-1.1.O,97,18
97,60-1-d12-1.1.O,98,18
98,60-1-d12-1.1.O,99,18
99,60-1-d12-1.1.O,100,18
100,60-1-d12-1.1.O,101,21
101,60-1-d12-1.1.O,102,21
102,60-1-d12-1.1.O,103,10
103,60-1-d12-1.1.O,104,13
104,60-1-d12-1.1.O,105,13
105,60-1-d12-1.1.O,106,13
106,60-1-d12-1.1.O,107,13
107,60-1-d12-1.1.O,108,13
108,60-1-d12-1.1.O,109,13
109,60-1-d12-1.1.O,110,8
110,60-1-d12-1.1.O,111,8
111,60-1-d12-1.1.O,112,8
112,60-1-d12-1.1.O,113,11
113,60-1-d12-1.1.O,114,11
114,60-1-d12-1.1.O,115,11
115,60-1-d12-1.1.O,116,10
116,60-1-d12-1.1.O,117,10
117,60-1-d12-1.1.O,118,8
118,60-1-d12-1.1.O,119,10
119,60-1-d12-1.1.O,120,5
120,60-1-d12-1.1.O,121,5
121,60-1-d12-1.1.O,122,5
122,60-1-d12-1.1.O,123,5
123,60-1-d12-1.1.O,124,5
124,60-1-d12-1.1.O,125,5
125,60-1-d12-1.1.O,126,5
126,60-1-d12-1.1.O,127,5
127,60-1-d12-1.1.O,128,7
128,60-1-d12-1.1.O,129,6
129,60-1-d12-1.1.O,130,6
130,60-1-d12-1.1.O,131,6
131,60-1-d12-1.1.O,132,4
132,60-1-d12-1.1.O,133,4
133,60-1-d12-1.1.O,134,7
134,60-1-d12-1.1.O,135,7
135,60-1-d12-1.1.O,136,7
136,60-1-d12-1.1.O,137,6
137,60-1-d12-1.1.O,138,13
138,60-1-d12-1.1.O,139,13
139,60-1-d12-1.1.O,140,4
140,60-1-d12-1.1.O,141,4
141,60-1-d12-1.1.O,142,5
142,60-1-d12-1.1.O,143,4
143,60-1-d12-1.1.O,144,5
144,60-1-d12-1.1.O,145,5
145,60-1-d12-1.1.O,146,5
146,60-1-d12-1.1.O,147,5
147,60-1-d12-1.1.O,148,5
148,60-1-d12-1.1.O,149,4
149,60-1-d12-1.1.O,150,4
150,60-1-d12-1.1.O,151,2
151,60-1-d12-1.1.O,152,2
152,60-1-d12-1.1.O,153,2
153,60-1-d12-1.1.O,154,3
154,60-1-d12-1.1.O,155,3
155,60-1-d12-1.1.O,156,3
156,60-1-d12-1.1.O,157,3
157,60-1-d12-1.1.O,158,5
158,60-1-d12-1.1.O,159,5
159,60-1-d12-1.1.O,160,5
160,60-1-d12-1.1.O,161,3
161,60-1-d12-1.1.O,162,3
162,60-1-d12-1.1.O,163,3
163,60-1-d12-1.1.O,164,3
164,60-1-d12-1.1.O,165,3
165,60-1-d12-1.1.O,166,3
166,60-1-d12-1.1.O,167,3
167,60-1-d12-1.1.O,168,3
168,60-1-d12-1.1.O,169,3
169,60-1-d12-1.1.O,170,3
170,60-1-d12-1.1.O,171,4
171,60-1-d12-1.1.O,172,4
172,60-1-d12-1.1.O,173,4
173,60-1-d12-1.1.O,174,4
174,60-1-d12-1.1.O,175,4
175,60-1-d12-1.1.O,176,4
176,60-1-d12-1.1.O,177,4
177,60-1-d12-1.1.O,178,4
178,60-1-d12-1.1.O,179,4
179,60-1-d12-1.1.O,180,4
180,60-1-d12-1.1.O,181,4
181,60-1-d12-1.1.O,182,4
182,60-1-d12-1.1.O,183,4
183,60-1-d12-1.1.O,184,4
184,60-1-d12-1.1.O,185,5
185,60-1-d12-1.1.O,186,5
186,60-1-d12-1.1.O,187,5
187,60-1-d12-1.1.O,188,5
188,60-1-d12-1.1.O,189,5
189,60-1-d12-1.1.O,190,5
190,60-1-d12-1.1.O,191,5
191,60-1-d12-1.1.O,192,4
192,60-1-d12-1.1.O,193,4
193,60-1-d12-1.1.O,194,3
194,60-1-d12-1.1.O,195,3
195,60-1-d12-1.1.O,196,3
196,60-1-d12-1.1.O,197,2
197,60-1-d12-1.1.O,198,2
198,60-1-d12-1.1.O,199,4
199,60-1-d12-1.1.O,200,4
200,60-1-d12-1.3.I,1,4
201,60-1-d12-1.3.I,2,4
202,60-1-d12-1.3.I,3,4
203,60-1-d12-1.3.I,4,4
204,60-1-d12-1.3.I,5,4
205,60-1-d12-1.3.I,6,4
206,60-1-d12-1.3.I,7,4
207,60-1-d12-1.3.I,8,4
208,60-1-d12-1.3.I,9,2
209,60-1-d12-1.3.I,10,3
210,60-1-d12-1.3.I,11,3
211,60-1-d12-1.3.I,12,4
212,60-1-d12-1.3.I,13,4
213,60-1-d12-1.3.I,14,5
214,60-1-d12-1.3.I,15,5
215,60-1-d12-1.3.I,16,5
216,60-1-d12-1.3.I,17,5
217,60-1-d12-1.3.I,18,5
218,60-1-d12-1.3.I,19,5
219,60-1-d12-1.3.I,20,5
220,60-1-d12-1.3.I,21,4
221,60-1-d12-1.3.I,22,4
222,60-1-d12-1.3.I,23,4
223,60-1-d12-1.3.I,24,4
224,60-1-d12-1.3.I,25,4
225,60-1-d12-1.3.I,26,4
226,60-1-d12-1.3.I,27,4
227,60-1-d12-1.3.I,28,4
228,60-1-d12-1.3.I,29,4
229,60-1-d12-1.3.I,30,4
230,60-1-d12-1.3.I,31,4
231,60-1-d12-1.3.I,32,4
232,60-1-d12-1.3.I,33,4
233,60-1-d12-1.3.I,34,4
234,60-1-d12-1.3.I,35,4
235,60-1-d12-1.3.I,36,4
236,60-1-d12-1.3.I,37,4
237,60-1-d12-1.3.I,38,4
238,60-1-d12-1.3.I,39,4
239,60-1-d12-1.3.I,40,3
240,60-1-d12-1.3.I,41,3
241,60-1-d12-1.3.I,42,3
242,60-1-d12-1.3.I,43,3
243,60-1-d12-1.3.I,44,3
244,60-1-d12-1.3.I,45,3
245,60-1-d12-1.3.I,46,3
246,60-1-d12-1.3.I,47,3
247,60-1-d12-1.3.I,48,3
248,60-1-d12-1.3.I,49,5
249,60-1-d12-1.3.I,50,5
250,60-1-d12-1.3.I,51,5
251,60-1-d12-1.3.I,52,3
252,60-1-d12-1.3.I,53,3
253,60-1-d12-1.3.I,54,3
254,60-1-d12-1.3.I,55,3
255,60-1-d12-1.3.I,56,2
256,60-1-d12-1.3.I,57,2
257,60-1-d12-1.3.I,58,2
258,60-1-d12-1.3.I,59,2
259,60-1-d12-1.3.I,60,4
260,60-1-d12-1.3.I,61,4
261,60-1-d12-1.3.I,62,5
262,60-1-d12-1.3.I,63,5
263,60-1-d12-1.3.I,64,5
264,60-1-d12-1.3.I,65,4
265,60-1-d12-1.3.I,66,4
266,60-1-d12-1.3.I,67,4
267,60-1-d12-1.3.I,68,5
268,60-1-d12-1.3.I,69,8
269,60-1-d12-1.3.I,70,8
270,60-1-d12-1.3.I,71,8
271,60-1-d12-1.3.I,72,8
272,60-1-d12-1.3.I,73,6
273,60-1-d12-1.3.I,74,6
274,60-1-d12-1.3.I,75,7
275,60-1-d12-1.3.I,76,4
276,60-1-d12-1.3.I,77,4
277,60-1-d12-1.3.I,78,6
278,60-1-d12-1.3.I,79,6
279,60-1-d12-1.3.I,80,6
280,60-1-d12-1.3.I,81,7
281,60-1-d12-1.3.I,82,5
282,60-1-d12-1.3.I,83,5
283,60-1-d12-1.3.I,84,5
284,60-1-d12-1.3.I,85,10
285,60-1-d12-1.3.I,86,12
286,60-1-d12-1.3.I,87,10
287,60-1-d12-1.3.I,88,8
288,60-1-d12-1.3.I,89,10
289,60-1-d12-1.3.I,90,10
290,60-1-d12-1.3.I,91,10
291,60-1-d12-1.3.I,92,12
292,60-1-d12-1.3.I,93,12
293,60-1-d12-1.3.I,94,10
294,60-1-d12-1.3.I,95,10
295,60-1-d12-1.3.I,96,10
296,60-1-d12-1.3.I,97,10
297,60-1-d12-1.3.I,98,10
298,60-1-d12-1.3.I,99,10
299,60-1-d12-1.3.I,100,10
300,60-1-d12-1.3.I,101,8
301,60-1-d12-1.3.I,102,8
302,60-1-d12-1.3.I,103,8
303,60-1-d12-1.3.I,104,8
304,60-1-d12-1.3.I,105,8
305,60-1-d12-1.3.I,106,8
306,60-1-d12-1.3.I,107,8
307,60-1-d12-1.3.I,108,13
308,60-1-d12-1.3.I,109,11
309,60-1-d12-1.3.I,110,11
310,60-1-d12-1.3.I,111,13
311,60-1-d12-1.3.I,112,13
312,60-1-d12-1.3.I,113,13
313,60-1-d12-1.3.I,114,13
314,60-1-d12-1.3.I,115,13
315,60-1-d12-1.3.I,116,9
316,60-1-d12-1.3.I,117,9
317,60-1-d12-1.3.I,118,9
318,60-1-d12-1.3.I,119,9
319,60-1-d12-1.3.I,120,10
320,60-1-d12-1.3.I,121,10
321,60-1-d12-1.3.I,122,13
322,60-1-d12-1.3.I,123,13
323,60-1-d12-1.3.I,124,13
324,60-1-d12-1.3.I,125,19
325,60-1-d12-1.3.I,126,19
326,60-1-d12-1.3.I,127,18
327,60-1-d12-1.3.I,128,18
328,60-1-d12-1.3.I,129,19
329,60-1-d12-1.3.I,130,19
330,60-1-d12-1.3.I,131,19
331,60-1-d12-1.3.I,132,19
332,60-1-d12-1.3.I,133,19
333,60-1-d12-1.3.I,134,16
334,60-1-d12-1.3.I,135,16
335,60-1-d12-1.3.I,136,15
336,60-1-d12-1.3.I,137,15
337,60-1-d12-1.3.I,138,15
338,60-1-d12-1.3.I,139,11
339,60-1-d12-1.3.I,140,11
340,60-1-d12-1.3.I,141,11
341,60-1-d12-1.3.I,142,11
342,60-1-d12-1.3.I,143,17
343,60-1-d12-1.3.I,144,17
344,60-1-d12-1.3.I,145,15
345,60-1-d12-1.3.I,146,15
346,60-1-d12-1.3.I,147,15
347,60-1-d12-1.3.I,148,20
348,60-1-d12-1.3.I,149,20
349,60-1-d12-1.3.I,150,20
350,60-1-d12-1.3.I,151,20
351,60-1-d12-1.3.I,152,7
352,60-1-d12-1.3.I,153,7
353,60-1-d12-1.3.I,154,7
354,60-1-d12-1.3.I,155,7
355,60-1-d12-1.3.I,156,11
356,60-1-d12-1.3.I,157,11
357,60-1-d12-1.3.I,158,11
358,60-1-d12-1.3.I,159,19
359,60-1-d12-1.3.I,160,19
360,60-1-d12-1.3.I,161,22
361,60-1-d12-1.3.I,162,22
362,60-1-d12-1.3.I,163,22
363,60-1-d12-1.3.I,164,22
364,60-1-d12-1.3.I,165,29
365,60-1-d12-1.3.I,166,29
366,60-1-d12-1.3.I,167,28
367,60-1-d12-1.3.I,168,28
368,60-1-d12-1.3.I,169,28
369,60-1-d12-1.3.I,170,33
370,60-1-d12-1.3.I,171,33
371,60-1-d12-1.3.I,172,42
372,60-1-d12-1.3.I,173,42
373,60-1-d12-1.3.I,174,42
374,60-1-d12-1.3.I,175,44
375,60-1-d12-1.3.I,176,44
376,60-1-d12-1.3.I,177,44
377,60-1-d12-1.3.I,178,44
378,60-1-d12-1.3.I,179,46
379,60-1-d12-1.3.I,180,46
380,60-1-d12-1.3.I,181,46
381,60-1-d12-1.3.I,182,46
382,60-1-d12-1.3.I,183,46
383,60-1-d12-1.3.I,184,46
384,60-1-d12-1.3.I,185,46
385,60-1-d12-1.3.I,186,46
386,60-1-d12-1.3.I,187,46
387,60-1-d12-1.3.I,188,46
388,60-1-d12-1.3.I,189,46
389,60-1-d12-1.3.I,190,46
390,60-1-d12-1.3.I,191,46
391,60-1-d12-1.3.I,192,46
392,60-1-d12-1.3.I,193,46
393,60-1-d12-1.3.I,194,46
394,60-1-d12-1.3.I,195,46
395,60-1-d12-1.3.I,196,52
396,60-1-d12-1.3.I,197,52
397,60-1-d12-1.3.I,198,52
398,60-1-d12-1.3.I,199,52
399,60-1-d12-1.3.I,200,52
400,60-1-d12-1.3.I,201,52
401,60-1-d12-1.3.I,202,52
402,60-1-d12-1.3.I,203,52
403,60-1-d12-1.3.I,204,52
404,60-1-d12-1.3.I,205,51
405,60-1-d12-1.3.I,206,51
406,60-1-d12-1.3.I,207,51
407,60-1-d12-1.3.I,208,51
408,60-1-d12-1.3.I,209,53
409,60-1-d12-1.3.I,210,53
410,60-1-d12-1.3.I,211,53
411,60-1-d12-1.3.I,212,53
412,60-1-d12-1.3.I,213,53
413,60-1-d12-1.3.I,214,53
414,60-1-d12-1.3.I,215,53
415,60-1-d12-1.3.I,216,53
416,60-1-d12-1.3.I,217,54
417,60-1-d12-1.3.I,218,54
418,60-1-d12-1.3.I,219,55
419,60-1-d12-1.3.I,220,55
420,60-1-d12-1.3.I,221,55
421,60-1-d12-1.1.O,1,55
422,60-1-d12-1.1.O,2,55
423,60-1-d12-1.1.O,3,59
424,60-1-d12-1.1.O,4,59
425,60-1-d12-1.1.O,5,58
426,60-1-d12-1.1.O,6,58
427,60-1-d12-1.1.O,7,58
428,60-1-d12-1.1.O,8,54
429,60-1-d12-1.1.O,9,54
430,60-1-d12-1.1.O,10,54
431,60-1-d12-1.1.O,11,54
432,60-1-d12-1.1.O,12,53
433,60-1-d12-1.1.O,13,53
434,60-1-d12-1.1.O,14,53
435,60-1-d12-1.1.O,15,53
436,60-1-d12-1.1.O,16,51
437,60-1-d12-1.1.O,17,51
438,60-1-d12-1.1.O,18,51
439,60-1-d12-1.1.O,19,51
440,60-1-d12-1.1.O,20,52
441,60-1-d12-1.1.O,21,52
442,60-1-d12-1.1.O,22,52
443,60-1-d12-1.1.O,23,52
444,60-1-d12-1.1.O,24,52
445,60-1-d12-1.1.O,25,52
446,60-1-d12-1.1.O,26,52
447,60-1-d12-1.1.O,27,52
448,60-1-d12-1.1.O,28,46
449,60-1-d12-1.1.O,29,46
450,60-1-d12-1.1.O,30,46
451,60-1-d12-1.1.O,31,46
452,60-1-d12-1.1.O,32,46
453,60-1-d12-1.1.O,33,46
454,60-1-d12-1.1.O,34,46
455,60-1-d12-1.1.O,35,46
456,60-1-d12-1.1.O,36,45
457,60-1-d12-1.1.O,37,46
458,60-1-d12-1.1.O,38,46
459,60-1-d12-1.1.O,39,46
460,60-1-d12-1.1.O,40,46
461,60-1-d12-1.1.O,41,46
462,60-1-d12-1.1.O,42,46
463,60-1-d12-1.1.O,43,46
464,60-1-d12-1.1.O,44,46
465,60-1-d12-1.1.O,45,46
466,60-1-d12-1.1.O,46,44
467,60-1-d12-1.1.O,47,44
468,60-1-d12-1.1.O,48,44
469,60-1-d12-1.1.O,49,42
470,60-1-d12-1.1.O,50,42
471,60-1-d12-1.1.O,51,42
472,60-1-d12-1.1.O,52,33
473,60-1-d12-1.1.O,53,33
474,60-1-d12-1.1.O,54,33
475,60-1-d12-1.1.O,55,28
476,60-1-d12-1.1.O,56,28
477,60-1-d12-1.1.O,57,29
478,60-1-d12-1.1.O,58,29
479,60-1-d12-1.1.O,59,29
480,60-1-d12-1.1.O,60,29
481,60-1-d12-1.1.O,61,22
482,60-1-d12-1.1.O,62,22
483,60-1-d12-1.1.O,63,22
484,60-1-d12-1.1.O,64,19
485,60-1-d12-1.1.O,65,19
486,60-1-d12-1.1.O,66,11
487,60-1-d12-1.1.O,67,11
488,60-1-d12-1.1.O,68,11
489,60-1-d12-1.1.O,69,7
490,60-1-d12-1.1.O,70,7
491,60-1-d12-1.1.O,71,7
492,60-1-d12-1.1.O,72,7
493,60-1-d12-1.1.O,73,20
494,60-1-d12-1.1.O,74,20
495,60-1-d12-1.1.O,75,20
496,60-1-d12-1.1.O,76,19
497,60-1-d12-1.1.O,77,15
498,60-1-d12-1.1.O,78,15
499,60-1-d12-1.1.O,79,17
500,60-1-d12-1.1.O,80,17
501,60-1-d12-1.1.O,81,11
502,60-1-d12-1.1.O,82,11
503,60-1-d12-1.1.O,83,11
504,60-1-d12-1.1.O,84,11
505,60-1-d12-1.1.O,85,15
506,60-1-d12-1.1.O,86,15
507,60-1-d12-1.1.O,87,15
508,60-1-d12-1.1.O,88,15
509,60-1-d12-1.1.O,89,19
510,60-1-d12-1.1.O,90,19
511,60-1-d12-1.1.O,91,19
512,60-1-d12-1.1.O,92,19
513,60-1-d12-1.1.O,93,19
514,60-1-d12-1.1.O,94,21
515,60-1-d12-1.1.O,95,21
516,60-1-d12-1.1.O,96,18
517,60-1-d12-1.1.O,97,18
518,60-1-d12-1.1.O,98,18
519,60-1-d12-1.1.O,99,18
520,60-1-d12-1.1.O,100,18
521,60-1-d12-1.1.O,101,21
522,60-1-d12-1.1.O,102,21
523,60-1-d12-1.1.O,103,10
524,60-1-d12-1.1.O,104,13
525,60-1-d12-1.1.O,105,13
526,60-1-d12-1.1.O,106,13
527,60-1-d12-1.1.O,107,13
528,60-1-d12-1.1.O,108,13
529,60-1-d12-1.1.O,109,13
530,60-1-d12-1.1.O,110,8
531,60-1-d12-1.1.O,111,8
532,60-1-d12-1.1.O,112,8
533,60-1-d12-1.1.O,113,11
534,60-1-d12-1.1.O,114,11
535,60-1-d12-1.1.O,115,11
536,60-1-d12-1.1.O,116,10
537,60-1-d12-1.1.O,117,10
538,60-1-d12-1.1.O,118,8
539,60-1-d12-1.1.O,119,10
540,60-1-d12-1.1.O,120,5
541,60-1-d12-1.1.O,121,5
542,60-1-d12-1.1.O,122,5
543,60-1-d12-1.1.O,123,5
544,60-1-d12-1.1.O,124,5
545,60-1-d12-1.1.O,125,5
546,60-1-d12-1.1.O,126,5
547,60-1-d12-1.1.O,127,5
548,60-1-d12-1.1.O,128,7
549,60-1-d12-1.1.O,129,6
550,60-1-d12-1.1.O,130,6
551,60-1-d12-1.1.O,131,6
552,60-1-d12-1.1.O,132,4
553,60-1-d12-1.1.O,133,4
554,60-1-d12-1.1.O,134,7
555,60-1-d12-1.1.O,135,7
556,60-1-d12-1.1.O,136,7
557,60-1-d12-1.1.O,137,6
558,60-1-d12-1.1.O,138,13
559,60-1-d12-1.1.O,139,13
560,60-1-d12-1.1.O,140,4
561,60-1-d12-1.1.O,141,4
562,60-1-d12-1.1.O,142,5
563,60-1-d12-1.1.O,143,4
564,60-1-d12-1.1.O,144,5
565,60-1-d12-1.1.O,145,5
566,60-1-d12-1.1.O,146,5
567,60-1-d12-1.1.O,147,5
568,60-1-d12-1.1.O,148,5
569,60-1-d12-1.1.O,149,4
570,60-1-d12-1.1.O,150,4
571,60-1-d12-1.1.O,151,2
572,60-1-d12-1.1.O,152,2
573,60-1-d12-1.1.O,153,2
574,60-1-d12-1.1.O,154,3
575,60-1-d12-1.1.O,155,3
576,60-1-d12-1.1.O,156,3
577,60-1-d12-1.1.O,157,3
578,60-1-d12-1.1.O,158,5
579,60-1-d12-1.1.O,159,5
580,60-1-d12-1.1.O,160,5
581,60-1-d12-1.1.O,161,3
582,60-1-d12-1.1.O,162,3
583,60-1-d12-1.1.O,163,3
584,60-1-d12-1.1.O,164,3
585,60-1-d12-1.1.O,165,3
586,60-1-d12-1.1.O,166,3
587,60-1-d12-1.1.O,167,3
588,60-1-d12-1.1.O,168,3
589,60-1-d12-1.1.O,169,3
590,60-1-d12-1.1.O,170,3
591,60-1-d12-1.1.O,171,4
592,60-1-d12-1.1.O,172,4
593,60-1-d12-1.1.O,173,4
594,60-1-d12-1.1.O,174,4
595,60-1-d12-1.1.O,175,4
596,60-1-d12-1.1.O,176,4
597,60-1-d12-1.1.O,177,4
598,60-1-d12-1.1.O,178,4
599,60-1-d12-1.1.O,179,4
600,60-1-d12-1.1.O,180,4
601,60-1-d12-1.1.O,181,4
602,60-1-d12-1.1.O,182,4
603,60-1-d12-1.1.O,183,4
604,60-1-d12-1.1.O,184,4
605,60-1-d12-1.1.O,185,5
606,60-1-d12-1.1.O,186,5
607,60-1-d12-1.1.O,187,5
608,60-1-d12-1.1.O,188,5
609,60-1-d12-1.1.O,189,5
610,60-1-d12-1.1.O,190,5
611,60-1-d12-1.1.O,191,5
612,60-1-d12-1.1.O,192,4
613,60-1-d12-1.1.O,193,4
614,60-1-d12-1.1.O,194,3
615,60-1-d12-1.1.O,195,3
616,60-1-d12-1.1.O,196,3
617,60-1-d12-1.1.O,197,2
618,60-1-d12-1.1.O,198,2
619,60-1-d12-1.1.O,199,4
620,60-1-d12-1.1.O,200,4
621,60-1-d12-1.3.I,1,4
622,60-1-d12-1.3.I,2,4
623,60-1-d12-1.3.I,3,4
624,60-1-d12-1.3.I,4,4
625,60-1-d12-1.3.I,5,4
626,60-1-d12-1.3.I,6,4
627,60-1-d12-1.3.I,7,4
628,60-1-d12-1.3.I,8,4
629,60-1-d12-1.3.I,9,2
630,60-1-d12-1.3.I,10,3
631,60-1-d12-1.3.I,11,3
632,60-1-d12-1.3.I,12,4
633,60-1-d12-1.3.I,13,4
634,60-1-d12-1.3.I,14,5
635,60-1-d12-1.3.I,15,5
636,60-1-d12-1.3.I,16,5
637,60-1-d12-1.3.I,17,5
638,60-1-d12-1.3.I,18,5
639,60-1-d12-1.3.I,19,5
640,60-1-d12-1.3.I,20,5
641,60-1-d12-1.3.I,21,4
642,60-1-d12-1.3.I,22,4
643,60-1-d12-1.3.I,23,4
644,60-1-d12-1.3.I,24,4
645,60-1-d12-1.3.I,25,4
646,60-1-d12-1.3.I,26,4
647,60-1-d12-1.3.I,27,4
648,60-1-d12-1.3.I,28,4
649,60-1-d12-1.3.I,29,4
650,60-1-d12-1.3.I,30,4
651,60-1-d12-1.3.I,31,4
652,60-1-d12-1.3.I,32,4
653,60-1-d12-1.3.I,33,4
654,60-1-d12-1.3.I,34,4
655,60-1-d12-1.3.I,35,4
656,60-1-d12-1.3.I,36,4
657,60-1-d12-1.3.I,37,4
658,60-1-d12-1.3.I,38,4
659,60-1-d12-1.3.I,39,4
660,60-1-d12-1.3.I,40,3
661,60-1-d12-1.3.I,41,3
662,60-1-d12-1.3.I,42,3
663,60-1-d12-1.3.I,43,3
664,60-1-d12-1.3.I,44,3
665,60-1-d12-1.3.I,45,3
666,60-1-d12-1.3.I,46,3
667,60-1-d12-1.3.I,47,3
668,60-1-d12-1.3.I,48,3
669,60-1-d12-1.3.I,49,5
670,60-1-d12-1.3.I,50,5
671,60-1-d12-1.3.I,51,5
672,60-1-d12-1.3.I,52,3
673,60-1-d12-1.3.I,53,3
674,60-1-d12-1.3.I,54,3
675,60-1-d12-1.3.I,55,3
676,60-1-d12-1.3.I,56,2
677,60-1-d12-1.3.I,57,2
678,60-1-d12-1.3.I,58,2
679,60-1-d12-1.3.I,59,2
680,60-1-d12-1.3.I,60,4
681,60-1-d12-1.3.I,61,4
682,60-1-d12-1.3.I,62,5
683,60-1-d12-1.3.I,63,5
684,60-1-d12-1.3.I,64,5
685,60-1-d12-1.3.I,65,4
686,60-1-d12-1.3.I,66,4
687,60-1-d12-1.3.I,67,4
688,60-1-d12-1.3.I,68,5
689,60-1-d12-1.3.I,69,8
690,60-1-d12-1.3.I,70,8
691,60-1-d12-1.3.I,71,8
692,60-1-d12-1.3.I,72,8
693,60-1-d12-1.3.I,73,6
694,60-1-d12-1.3.I,74,6
695,60-1-d12-1.3.I,75,7
696,60-1-d12-1.3.I,76,4
697,60-1-d12-1.3.I,77,4
698,60-1-d12-1.3.I,78,6
699,60-1-d12-1.3.I,79,6
700,60-1-d12-1.3.I,80,6
701,60-1-d12-1.3.I,81,7
702,60-1-d12-1.3.I,82,5
703,60-1-d12-1.3.I,83,5
704,60-1-d12-1.3.I,84,5
705,60-1-d12-1.3.I,85,10
706,60-1-d12-1.3.I,86,12
707,60-1-d12-1.3.I,87,10
708,60-1-d12-1.3.I,88,8
709,60-1-d12-1.3.I,89,10
710,60-1-d12-1.3.I,90,10
711,60-1-d12-1.3.I,91,10
712,60-1-d12-1.3.I,92,12
713,60-1-d12-1.3.I,93,12
714,60-1-d12-1.3.I,94,10
715,60-1-d12-1.3.I,95,10
716,60-1-d12-1.3.I,96,10
717,60-1-d12-1.3.I,97,10
718,60-1-d12-1.3.I,98,10
719,60-1-d12-1.3.I,99,10
720,60-1-d12-1.3.I,100,10
721,60-1-d12-1.3.I,101,8
722,60-1-d12-1.3.I,102,8
723,60-1-d12-1.3.I,103,8
724,60-1-d12-1.3.I,104,8
725,60-1-d12-1.3.I,105,8
726,60-1-d12-1.3.I,106,8
727,60-1-d12-1.3.I,107,8
728,60-1-d12-1.3.I,108,13
729,60-1-d12-1.3.I,109,11
730,60-1-d12-1.3.I,110,11
731,60-1-d12-1.3.I,111,13
732,60-1-d12-1.3.I,112,13
733,60-1-d12-1.3.I,113,13
734,60-1-d12-1.3.I,114,13
735,60-1-d12-1.3.I,115,13
736,60-1-d12-1.3.I,116,9
737,60-1-d12-1.3.I,117,9
738,60-1-d12-1.3.I,118,9
739,60-1-d12-1.3.I,119,9
740,60-1-d12-1.3.I,120,10
741,60-1-d12-1.3.I,121,10
742,60-1-d12-1.3.I,122,13
743,60-1-d12-1.3.I,123,13
744,60-1-d12-1.3.I,124,13
745,60-1-d12-1.3.I,125,19
746,60-1-d12-1.3.I,126,19
747,60-1-d12-1.3.I,127,18
748,60-1-d12-1.3.I,128,18
749,60-1-d12-1.3.I,129,19
750,60-1-d12-1.3.I,130,19
751,60-1-d12-1.3.I,131,19
752,60-1-d12-1.3.I,132,19
753,60-1-d12-1.3.I,133,19
754,60-1-d12-1.3.I,134,16
755,60-1-d12-1.3.I,135,16
756,60-1-d12-1.3.I,136,15
757,60-1-d12-1.3.I,137,15
758,60-1-d12-1.3.I,138,15
759,60-1-d12-1.3.I,139,11
760,60-1-d12-1.3.I,140,11
761,60-1-d12-1.3.I,141,11
762,60-1-d12-1.3.I,142,11
763,60-1-d12-1.3.I,143,17
764,60-1-d12-1.3.I,144,17
765,60-1-d12-1.3.I,145,15
766,60-1-d12-1.3.I,146,15
767,60-1-d12-1.3.I,147,15
768,60-1-d12-1.3.I,148,20
769,60-1-d12-1.3.I,149,20
770,60-1-d12-1.3.I,150,20
771,60-1-d12-1.3.I,151,20
772,60-1-d12-1.3.I,152,7
773,60-1-d12-1.3.I,153,7
774,60-1-d12-1.3.I,154,7
775,60-1-d12-1.3.I,155,7
776,60-1-d12-1.3.I,156,11
777,60-1-d12-1.3.I,157,11
778,60-1-d12-1.3.I,158,11
779,60-1-d12-1.3.I,159,19
780,60-1-d12-1.3.I,160,19
781,60-1-d12-1.3.I,161,22
782,60-1-d12-1.3.I,162,22
783,60-1-d12-1.3.I,163,22
784,60-1-d12-1.3.I,164,22
785,60-1-d12-1.3.I,165,29
786,60-1-d12-1.3.I,166,29
787,60-1-d12-1.3.I,167,28
788,60-1-d12-1.3.I,168,28
789,60-1-d12-1.3.I,169,28
790,60-1-d12-1.3.I,170,33
791,60-1-d12-1.3.I,171,33
792,60-1-d12-1.3.I,172,42
793,60-1-d12-1.3.I,173,42
794,60-1-d12-1.3.I,174,42
795,60-1-d12-1.3.I,175,44
796,60-1-d12-1.3.I,176,44
797,60-1-d12-1.3.I,177,44
798,60-1-d12-1.3.I,178,44
799,60-1-d12-1.3.I,179,46
800,60-1-d12-1.3.I,180,46
801,60-1-d12-1.3.I,181,46
802,60-1-d12-1.3.I,182,46
803,60-1-d12-1.3.I,183,46
804,60-1-d12-1.3.I,184,46
805,60-1-d12-1.3.I,185,46
806,60-1-d12-1.3.I,186,46
807,60-1-d12-1.3.I,187,46
808,60-1-d12-1.3.I,188,46
809,60-1-d12-1.3.I,189,46
810,60-1-d12-1.3.I,190,46
811,60-1-d12-1.3.I,191,46
812,60-1-d12-1.3.I,192,46
813,60-1-d12-1.3.I,193,46
814,60-1-d12-1.3.I,194,46
815,60-1-d12-1.3.I,195,46
816,60-1-d12-1.3.I,196,52
817,60-1-d12-1.3.I,197,52
818,60-1-d12-1.3.I,198,52
819,60-1-d12-1.3.I,199,52
820,60-1-d12-1.3.I,200,52
821,60-1-d12-1.3.I,201,52
822,60-1-d12-1.3.I,202,52
823,60-1-d12-1.3.I,203,52
824,60-1-d12-1.3.I,204,52
825,60-1-d12-1.3.I,205,51
826,60-1-d12-1.3.I,206,51
827,60-1-d12-1.3.I,207,51
828,60-1-d12-1.3.I,208,51
829,60-1-d12-1.3.I,209,53
830,60-1-d12-1.3.I,210,53
831,60-1-d12-1.3.I,211,53
832,60-1-d12-1.3.I,212,53
833,60-1-d12-1.3.I,213,53
834,60-1-d12-1.3.I,214,53
835,60-1-d12-1.3.I,215,53
836,60-1-d12-1.3.I,216,53
837,60-1-d12-1.3.I,217,54
838,60-1-d12-1.3.I,218,54
839,60-1-d12-1.3.I,219,55
840,60-1-d12-1.3.I,220,55
841,60-1-d12-1.3.I,221,55
842,60-1-d12-1.1.O,1,55
843,60-1-d12-1.1.O,2,55
844,60-1-d12-1.1.O,3,59
845,60-1-d12-1.1.O,4,59
846,60-1-d12-1.1.O,5,58
847,60-1-d12-1.1.O,6,58
848,60-1-d12-1.1.O,7,58
849,60-1-d12-1.1.O,8,54
850,60-1-d12-1.1.O,9,54
851,60-1-d12-1.1.O,10,54
852,60-1-d12-1.1.O,11,54
853,60-1-d12-1.1.O,12,53
854,60-1-d12-1.1.O,13,53
855,60-1-d12-1.1.O,14,53
856,60-1-d12-1.1.O,15,53
857,60-1-d12-1.1.O,16,51
858,60-1-d12-1.1.O,17,51
859,60-1-d12-1.1.O,18,51
860,60-1-d12-1.1.O,19,51
861,60-1-d12-1.1.O,20,52
862,60-1-d12-1.1.O,21,52
863,60-1-d12-1.1.O,22,52
864,60-1-d12-1.1.O,23,52
865,60-1-d12-1.1.O,24,52
866,60-1-d12-1.1.O,25,52
867,60-1-d12-1.1.O,26,52
868,60-1-d12-1.1.O,27,52
869,60-1-d12-1.1.O,28,46
870,60-1-d12-1.1.O,29,46
871,60-1-d12-1.1.O,30,46
872,60-1-d12-1.1.O,31,46
873,60-1-d12-1.1.O,32,46
874,60-1-d12-1.1.O,33,46
875,60-1-d12-1.1.O,34,46
876,60-1-d12-1.1.O,35,46
877,60-1-d12-1.1.O,36,45
878,60-1-d12-1.1.O,37,46
879,60-1-d12-1.1.O,38,46
880,60-1-d12-1.1.O,39,46
881,60-1-d12-1.1.O,40,46
882,60-1-d12-1.1.O,41,46
883,60-1-d12-1.1.O,42,46
884,60-1-d12-1.1.O,43,46
885,60-1-d12-1.1.O,44,46
886,60-1-d12-1.1.O,45,46
887,60-1-d12-1.1.O,46,44
888,60-1-d12-1.1.O,47,44
889,60-1-d12-1.1.O,48,44
890,60-1-d12-1.1.O,49,42
891,60-1-d12-1.1.O,50,42
892,60-1-d12-1.1.O,51,42
893,60-1-d12-1.1.O,52,33
894,60-1-d12-1.1.O,53,33
895,60-1-d12-1.1.O,54,33
896,60-1-d12-1.1.O,55,28
897,60-1-d12-1.1.O,56,28
898,60-1-d12-1.1.O,57,29
899,60-1-d12-1.1.O,58,29
900,60-1-d12-1.1.O,59,29
901,60-1-d12-1.1.O,60,29
902,60-1-d12-1.1.O,61,22
903,60-1-d12-1.1.O,62,22
904,60-1-d12-1.1.O,63,22
905,60-1-d12-1.1.O,64,19
906,60-1-d12-1.1.O,65,19
907,60-1-d12-1.1.O,66,11
908,60-1-d12-1.1.O,67,11
909,60-1-d12-1.1.O,68,11
910,60-1-d12-1.1.O,69,7
911,60-1-d12-1.1.O,70,7
912,60-1-d12-1.1.O,71,7
913,60-1-d12-1.1.O,72,7
914,60-1-d12-1.1.O,73,20
915,60-1-d12-1.1.O,74,20
916,60-1-d12-1.1.O,75,20
917,60-1-d12-1.1.O,76,19
918,60-1-d12-1.1.O,77,15
919,60-1-d12-1.1.O,78,15
920,60-1-d12-1.1.O,79,17
921,60-1-d12-1.1.O,80,17
922,60-1-d12-1.1.O,81,11
923,60-1-d12-1.1.O,82,11
924,60-1-d12-1.1.O,83,11
925,60-1-d12-1.1.O,84,11
926,60-1-d12-1.1.O,85,15
927,60-1-d12-1.1.O,86,15
928,60-1-d12-1.1.O,87,15
929,60-1-d12-1.1.O,88,15
930,60-1-d12-1.1.O,89,19
931,60-1-d12-1.1.O,90,19
932,60-1-d12-1.1.O,91,19
933,60-1-d12-1.1.O,92,19
934,60-1-d12-1.1.O,93,19
935,60-1-d12-1.1.O,94,21
936,60-1-d12-1.1.O,95,21
937,60-1-d12-1.1.O,96,18
938,60-1-d12-1.1.O,97,18
939,60-1-d12-1.1.O,98,18
940,60-1-d12-1.1.O,99,18
941,60-1-d12-1.1.O,100,18
942,60-1-d12-1.1.O,101,21
943,60-1-d12-1.1.O,102,21
944,60-1-d12-1.1.O,103,10
945,60-1-d12-1.1.O,104,13
946,60-1-d12-1.1.O,105,13
947,60-1-d12-1.1.O,106,13
948,60-1-d12-1.1.O,107,13
949,60-1-d12-1.1.O,108,13
950,60-1-d12-1.1.O,109,13
951,60-1-d12-1.1.O,110,8
952,60-1-d12-1.1.O,111,8
953,60-1-d12-1.1.O,112,8
954,60-1-d12-1.1.O,113,11
955,60-1-d12-1.1.O,114,11
956,60-1-d12-1.1.O,115,11
957,60-1-d12-1.1.O,116,10
958,60-1-d12-1.1.O,117,10
959,60-1-d12-1.1.O,118,8
960,60-1-d12-1.1.O,119,10
961,60-1-d12-1.1.O,120,5
962,60-1-d12-1.1.O,121,5
963,60-1-d12-1.1.O,122,5
964,60-1-d12-1.1.O,123,5
965,60-1-d12-1.1.O,124,5
966,60-1-d12-1.1.O,125,5
967,60-1-d12-1.1.O,126,5
968,60-1-d12-1.1.O,127,5
969,60-1-d12-1.1.O,128,7
970,60-1-d12-1.1.O,129,6
971,60-1-d12-1.1.O,130,6
972,60-1-d12-1.1.O,131,6
973,60-1-d12-1.1.O,132,4
974,60-1-d12-1.1.O,133,4
975,60-1-d12-1.1.O,134,7
976,60-1-d12-1.1.O,135,7
977,60-1-d12-1.1.O,136,7
978,60-1-d12-1.1.O,137,6
979,60-1-d12-1.1.O,138,13
980,60-1-d12-1.1.O,139,13
981,60-1-d12-1.1.O,140,4
982,60-1-d12-1.1.O,141,4
983,60-1-d12-1.1.O,142,5
984,60-1-d12-1.1.O,143,4
985,60-1-d12-1.1.O,144,5
986,60-1-d12-1.1.O,145,5
987,60-1-d12-1.1.O,146,5
988,60-1-d12-1.1.O,147,5
989,60-1-d12-1.1.O,148,5
990,60-1-d12-1.1.O,149,4
991,60-1-d12-1.1.O,150,4
992,60-1-d12-1.1.O,151,2
993,60-1-d12-1.1.O,152,2
994,60-1-d12-1.1.O,153,2
995,60-1-d12-1.1.O,154,3
996,60-1-d12-1.1.O,155,3
997,60-1-d12-1.1.O,156,3
998,60-1-d12-1.1.O,157,3
999,60-1-d12-1.1.O,158,5
1000,60-1-d12-1.1.O,159,5
1001,60-1-d12-1.1.O,160,5
1002,60-1-d12-1.1.O,161,3
1003,60-1-d12-1.1.O,162,3
1004,60-1-d12-1.1.O,163,3
1005,60-1-d12-1.1.O,164,3
1006,60-1-d12-1.1.O,165,3
1007,60-1-d12-1.1.O,166,3
1008,60-1-d12-1.1.O,167,3
1009,60-1-d12-1.1.O,168,3
1010,60-1-d12-1.1.O,169,3
1011,60-1-d12-1.1.O,170,3
1012,60-1-d12-1.1.O,171,4
1013,60-1-d12-1.1.O,172,4
1014,60-1-d12-1.1.O,173,4
1015,60-1-d12-1.1.O,174,4
1016,60-1-d12-1.1.O,175,4
1017,60-1-d12-1.1.O,176,4
1018,60-1-d12-1.1.O,177,4
1019,60-1-d12-1.1.O,178,4
1020,60-1-d12-1.1.O,179,4
1021,60-1-d12-1.1.O,180,4
1022,60-1-d12-1.1.O,181,4
1023,60-1-d12-1.1.O,182,4
1024,60-1-d12-1.1.O,183,4
1025,60-1-d12-1.1.O,184,4
1026,60-1-d12-1.1.O,185,5
1027,60-1-d12-1.1.O,186,5
1028,60-1-d12-1.1.O,187,5
1029,60-1-d12-1.1.O,188,5
1030,60-1-d12-1.1.O,189,5
1031,60-1-d12-1.1.O,190,5
1032,60-1-d12-1.1.O,191,5
1033,60-1-d12-1.1.O,192,4
1034,60-1-d12-1.1.O,193,4
1035,60-1-d12-1.1.O,194,3
1036,60-1-d12-1.1.O,195,3
1037,60-1-d12-1.1.O,196,3
1038,60-1-d12-1.1.O,197,2
1039,60-1-d12-1.1.O,198,2
1040,60-1-d12-1.1.O,199,4
1041,60-1-d12-1.1.O,200,4
1042,60-1-d12-1.3.I,1,4
1043,60-1-d12-1.3.I,2,4
1044,60-1-d12-1.3.I,3,4
1045,60-1-d12-1.3.I,4,4
1046,60-1-d12-1.3.I,5,4
1047,60-1-d12-1.3.I,6,4
1048,60-1-d12-1.3.I,7,4
1049,60-1-d12-1.3.I,8,4
1050,60-1-d12-1.3.I,9,2
1051,60-1-d12-1.3.I,10,3
1052,60-1-d12-1.3.I,11,3
1053,60-1-d12-1.3.I,12,4
1054,60-1-d12-1.3.I,13,4
1055,60-1-d12-1.3.I,14,5
1056,60-1-d12-1.3.I,15,5
1057,60-1-d12-1.3.I,16,5
1058,60-1-d12-1.3.I,17,5
1059,60-1-d12-1.3.I,18,5
1060,60-1-d12-1.3.I,19,5
1061,60-1-d12-1.3.I,20,5
1062,60-1-d12-1.3.I,21,4
1063,60-1-d12-1.3.I,22,4
1064,60-1-d12-1.3.I,23,4
1065,60-1-d12-1.3.I,24,4
1066,60-1-d12-1.3.I,25,4
1067,60-1-d12-1.3.I,26,4
1068,60-1-d12-1.3.I,27,4
1069,60-1-d12-1.3.I,28,4
1070,60-1-d12-1.3.I,29,4
1071,60-1-d12-1.3.I,30,4
1072,60-1-d12-1.3.I,31,4
1073,60-1-d12-1.3.I,32,4
1074,60-1-d12-1.3.I,33,4
1075,60-1-d12-1.3.I,34,4
1076,60-1-d12-1.3.I,35,4
1077,60-1-d12-1.3.I,36,4
1078,60-1-d12-1.3.I,37,4
1079,60-1-d12-1.3.I,38,4
1080,60-1-d12-1.3.I,39,4
1081,60-1-d12-1.3.I,40,3
1082,60-1-d12-1.3.I,41,3
1083,60-1-d12-1.3.I,42,3
1084,60-1-d12-1.3.I,43,3
1085,60-1-d12-1.3.I,44,3
1086,60-1-d12-1.3.I,45,3
1087,60-1-d12-1.3.I,46,3
1088,60-1-d12-1.3.I,47,3
1089,60-1-d12-1.3.I,48,3
1090,60-1-d12-1.3.I,49,5
1091,60-1-d12-1.3.I,50,5
1092,60-1-d12-1.3.I,51,5
1093,60-1-d12-1.3.I,52,3
1094,60-1-d12-1.3.I,53,3
1095,60-1-d12-1.3.I,54,3
1096,60-1-d12-1.3.I,55,3
1097,60-1-d12-1.3.I,56,2
1098,60-1-d12-1.3.I,57,2
1099,60-1-d12-1.3.I,58,2
1100,60-1-d12-1.3.I,59,2
1101,60-1-d12-1.3.I,60,4
1102,60-1-d12-1.3.I,61,4
1103,60-1-d12-1.3.I,62,5
1104,60-1-d12-1.3.I,63,5
1105,60-1-d12-1.3.I,64,5
1106,60-1-d12-1.3.I,65,4
1107,60-1-d12-1.3.I,66,4
1108,60-1-d12-1.3.I,67,4
1109,60-1-d12-1.3.I,68,5
1110,60-1-d12-1.3.I,69,8
1111,60-1-d12-1.3.I,70,8
1112,60-1-d12-1.3.I,71,8
1113,60-1-d12-1.3.I,72,8
1114,60-1-d12-1.3.I,73,6
1115,60-1-d12-1.3.I,74,6
1116,60-1-d12-1.3.I,75,7
1117,60-1-d12-1.3.I,76,4
1118,60-1-d12-1.3.I,77,4
1119,60-1-d12-1.3.I,78,6
1120,60-1-d12-1.3.I,79,6
1121,60-1-d12-1.3.I,80,6
1122,60-1-d12-1.3.I,81,7
1123,60-1-d12-1.3.I,82,5
1124,60-1-d12-1.3.I,83,5
1125,60-1-d12-1.3.I,84,5
1126,60-1-d12-1.3.I,85,10
1127,60-1-d12-1.3.I,86,12
1128,60-1-d12-1.3.I,87,10
1129,60-1-d12-1.3.I,88,8
1130,60-1-d12-1.3.I,89,10
1131,60-1-d12-1.3.I,90,10
1132,60-1-d12-1.3.I,91,10
1133,60-1-d12-1.3.I,92,12
1134,60-1-d12-1.3.I,93,12
1135,60-1-d12-1.3.I,94,10
1136,60-1-d12-1.3.I,95,10
1137,60-1-d12-1.3.I,96,10
1138,60-1-d12-1.3.I,97,10
1139,60-1-d12-1.3.I,98,10
1140,60-1-d12-1.3.I,99,10
1141,60-1-d12-1.3.I,100,10
1142,60-1-d12-1.3.I,101,8
1143,60-1-d12-1.3.I,102,8
1144,60-1-d12-1.3.I,103,8
1145,60-1-d12-1.3.I,104,8
1146,60-1-d12-1.3.I,105,8
1147,60-1-d12-1.3.I,106,8
1148,60-1-d12-1.3.I,107,8
1149,60-1-d12-1.3.I,108,13
1150,60-1-d12-1.3.I,109,11
1151,60-1-d12-1.3.I,110,11
1152,60-1-d12-1.3.I,111,13
1153,60-1-d12-1.3.I,112,13
1154,60-1-d12-1.3.I,113,13
1155,60-1-d12-1.3.I,114,13
1156,60-1-d12-1.3.I,115,13
1157,60-1-d12-1.3.I,116,9
1158,60-1-d12-1.3.I,117,9
1159,60-1-d12-1.3.I,118,9
1160,60-1-d12-1.3.I,119,9
1161,60-1-d12-1.3.I,120,10
1162,60-1-d12-1.3.I,121,10
1163,60-1-d12-1.3.I,122,13
1164,60-1-d12-1.3.I,123,13
1165,60-1-d12-1.3.I,124,13
1166,60-1-d12-1.3.I,125,19
1167,60-1-d12-1.3.I,126,19
1168,60-1-d12-1.3.I,127,18
1169,60-1-d12-1.3.I,128,18
1170,60-1-d12-1.3.I,129,19
1171,60-1-d12-1.3.I,130,19
1172,60-1-d12-1.3.I,131,19
1173,60-1-d12-1.3.I,132,19
1174,60-1-d12-1.3.I,133,19
1175,60-1-d12-1.3.I,134,16
1176,60-1-d12-1.3.I,135,16
1177,60-1-d12-1.3.I,136,15
1178,60-1-d12-1.3.I,137,15
1179,60-1-d12-1.3.I,138,15
1180,60-1-d12-1.3.I,139,11
1181,60-1-d12-1.3.I,140,11
1182,60-1-d12-1.3.I,141,11
1183,60-1-d12-1.3.I,142,11
1184,60-1-d12-1.3.I,143,17
1185,60-1-d12-1.3.I,144,17
1186,60-1-d12-1.3.I,145,15
1187,60-1-d12-1.3.I,146,15
1188,60-1-d12-1.3.I,147,15
1189,60-1-d12-1.3.I,148,20
1190,60-1-d12-1.3.I,149,20
1191,60-1-d12-1.3.I,150,20
1192,60-1-d12-1.3.I,151,20
1193,60-1-d12-1.3.I,152,7
1194,60-1-d12-1.3.I,153,7
1195,60-1-d12-1.3.I,154,7
1196,60-1-d12-1.3.I,155,7
1197,60-1-d12-1.3.I,156,11
1198,60-1-d12-1.3.I,157,11
1199,60-1-d12-1.3.I,158,11
1200,60-1-d12-1.3.I,159,19
1201,60-1-d12-1.3.I,160,19
1202,60-1-d12-1.3.I,161,22
1203,60-1-d12-1.3.I,162,22
1204,60-1-d12-1.3.I,163,22
1205,60-1-d12-1.3.I,164,22
1206,60-1-d12-1.3.I,165,29
1207,60-1-d12-1.3.I,166,29
1208,60-1-d12-1.3.I,167,28
1209,60-1-d12-1.3.I,168,28
1210,60-1-d12-1.3.I,169,28
1211,60-1-d12-1.3.I,170,33
1212,60-1-d12-1.3.I,171,33
1213,60-1-d12-1.3.I,172,42
1214,60-1-d12-1.3.I,173,42
1215,60-1-d12-1.3.I,174,42
1216,60-1-d12-1.3.I,175,44
1217,60-1-d12-1.3.I,176,44
1218,60-1-d12-1.3.I,177,44
1219,60-1-d12-1.3.I,178,44
1220,60-1-d12-1.3.I,179,46
1221,60-1-d12-1.3.I,180,46
1222,60-1-d12-1.3.I,181,46
1223,60-1-d12-1.3.I,182,46
1224,60-1-d12-1.3.I,183,46
1225,60-1-d12-1.3.I,184,46
1226,60-1-d12-1.3.I,185,46
1227,60-1-d12-1.3.I,186,46
1228,60-1-d12-1.3.I,187,46
1229,60-1-d12-1.3.I,188,46
1230,60-1-d12-1.3.I,189,46
1231,60-1-d12-1.3.I,190,46
1232,60-1-d12-1.3.I,191,46
1233,60-1-d12-1.3.I,192,46
1234,60-1-d12-1.3.I,193,46
1235,60-1-d12-1.3.I,194,46
1236,60-1-d12-1.3.I,195,46
1237,60-1-d12-1.3.I,196,52
1238,60-1-d12-1.3.I,197,52
1239,60-1-d12-1.3.I,198,52
1240,60-1-d12-1.3.I,199,52
1241,60-1-d12-1.3.I,200,52
1242,60-1-d12-1.3.I,201,52
1243,60-1-d12-1.3.I,202,52
1244,60-1-d12-1.3.I,203,52
1245,60-1-d12-1.3.I,204,52
1246,60-1-d12-1.3.I,205,51
1247,60-1-d12-1.3.I,206,51
1248,60-1-d12-1.3.I,207,51
1249,60-1-d12-1.3.I,208,51
1250,60-1-d12-1.3.I,209,53
1251,60-1-d12-1.3.I,210,53
1252,60-1-d12-1.3.I,211,53
1253,60-1-d12-1.3.I,212,53
1254,60-1-d12-1.3.I,213,53
1255,60-1-d12-1.3.I,214,53
1256,60-1-d12-1.3.I,215,53
1257,60-1-d12-1.3.I,216,53
1258,60-1-d12-1.3.I,217,54
1259,60-1-d12-1.3.I,218,54
1260,60-1-d12-1.3.I,219,55
1261,60-1-d12-1.3.I,220,55
1262,60-1-d12-1.3.I,221,55
1263,60-1-d12-1.1.O,1,55
1264,60-1-d12-1.1.O,2,55
1265,60-1-d12-1.1.O,3,59
1266,60-1-d12-1.1.O,4,59
1267,60-1-d12-1.1.O,5,58
1268,60-1-d12-1.1.O,6,58
1269,60-1-d12-1.1.O,7,58
1270,60-1-d12-1.1.O,8,54
1271,60-1-d12-1.1.O,9,54
1272,60-1-d12-1.1.O,10,54
1273,60-1-d12-1.1.O,11,54
1274,60-1-d12-1.1.O,12,53
1275,60-1-d12-1.1.O,13,53
1276,60-1-d12-1.1.O,14,53
1277,60-1-d12-1.1.O,15,53
1278,60-1-d12-1.1.O,16,51
1279,60-1-d12-1.1.O,17,51
1280,60-1-d12-1.1.O,18,51
1281,60-1-d12-1.1.O,19,51
1282,60-1-d12-1.1.O,20,52
1283,60-1-d12-1.1.O,21,52
1284,60-1-d12-1.1.O,22,52
1285,60-1-d12-1.1.O,23,52
1286,60-1-d12-1.1.O,24,52
1287,60-1-d12-1.1.O,25,52
1288,60-1-d12-1.1.O,26,52
1289,60-1-d12-1.1.O,27,52
1290,60-1-d12-1.1.O,28,46
1291,60-1-d12-1.1.O,29,46
1292,60-1-d12-1.1.O,30,46
1293,60-1-d12-1.1.O,31,46
1294,60-1-d12-1.1.O,32,46
1295,60-1-d12-1.1.O,33,46
1296,60-1-d12-1.1.O,34,46
1297,60-1-d12-1.1.O,35,46
1298,60-1-d12-1.1.O,36,45
1299,60-1-d12-1.1.O,37,46
1300,60-1-d12-1.1.O,38,46
1301,60-1-d12-1.1.O,39,46
1302,60-1-d12-1.1.O,40,46
1303,60-1-d12-1.1.O,41,46
1304,60-1-d12-1.1.O,42,46
1305,60-1-d12-1.1.O,43,46
1306,60-1-d12-1.1.O,44,46
1307,60-1-d12-1.1.O,45,46
1308,60-1-d12-1.1.O,46,44
1309,60-1-d12-1.1.O,47,44
1310,60-1-d12-1.1.O,48,44
1311,60-1-d12-1.1.O,49,42
1312,60-1-d12-1.1.O,50,42
1313,60-1-d12-1.1.O,51,42
1314,60-1-d12-1.1.O,52,33
1315,60-1-d12-1.1.O,53,33
1316,60-1-d12-1.1.O,54,33
1317,60-1-d12-1.1.O,55,28
1318,60-1-d12-1.1.O,56,28
1319,60-1-d12-1.1.O,57,29
1320,60-1-d12-1.1.O,58,29
1321,60-1-d12-1.1.O,59,29
1322,60-1-d12-1.1.O,60,29
1323,60-1-d12-1.1.O,61,22
1324,60-1-d12-1.1.O,62,22
1325,60-1-d12-1.1.O,63,22
1326,60-1-d12-1.1.O,64,19
1327,60-1-d12-1.1.O,65,19
1328,60-1-d12-1.1.O,66,11
1329,60-1-d12-1.1.O,67,11
1330,60-1-d12-1.1.O,68,11
1331,60-1-d12-1.1.O,69,7
1332,60-1-d12-1.1.O,70,7
1333,60-1-d12-1.1.O,71,7
1334,60-1-d12-1.1.O,72,7
1335,60-1-d12-1.1.O,73,20
1336,60-1-d12-1.1.O,74,20
1337,60-1-d12-1.1.O,75,20
1338,60-1-d12-1.1.O,76,19
1339,60-1-d12-1.1.O,77,15
1340,60-1-d12-1.1.O,78,15
1341,60-1-d12-1.1.O,79,17
1342,60-1-d12-1.1.O,80,17
1343,60-1-d12-1.1.O,81,11
1344,60-1-d12-1.1.O,82,11
1345,60-1-d12-1.1.O,83,11
1346,60-1-d12-1.1.O,84,11
1347,60-1-d12-1.1.O,85,15
1348,60-1-d12-1.1.O,86,15
1349,60-1-d12-1.1.O,87,15
1350,60-1-d12-1.1.O,88,15
1351,60-1-d12-1.1.O,89,19
1352,60-1-d12-1.1.O,90,19
1353,60-1-d12-1.1.O,91,19
1354,60-1-d12-1.1.O,92,19
1355,60-1-d12-1.1.O,93,19
1356,60-1-d12-1.1.O,94,21
1357,60-1-d12-1.1.O,95,21
1358,60-1-d12-1.1.O,96,18
1359,60-1-d12-1.1.O,97,18
1360,60-1-d12-1.1.O,98,18
1361,60-1-d12-1.1.O,99,18
1362,60-1-d12-1.1.O,100,18
1363,60-1-d12-1.1.O,101,21
1364,60-1-d12-1.1.O,102,21
1365,60-1-d12-1.1.O,103,10
1366,60-1-d12-1.1.O,104,13
1367,60-1-d12-1.1.O,105,13
1368,60-1-d12-1.1.O,106,13
1369,60-1-d12-1.1.O,107,13
1370,60-1-d12-1.1.O,108,13
1371,60-1-d12-1.1.O,109,13
1372,60-1-d12-1.1.O,110,8
1373,60-1-d12-1.1.O,111,8
1374,60-1-d12-1.1.O,112,8
1375,60-1-d12-1.1.O,113,11
1376,60-1-d12-1.1.O,114,11
1377,60-1-d12-1.1.O,115,11
1378,60-1-d12-1.1.O,116,10
1379,60-1-d12-1.1.O,117,10
1380,60-1-d12-1.1.O,118,8
1381,60-1-d12-1.1.O,119,10
1382,60-1-d12-1.1.O,120,5
1383,60-1-d12-1.1.O,121,5
1384,60-1-d12-1.1.O,122,5
1385,60-1-d12-1.1.O,123,5
1386,60-1-d12-1.1.O,124,5
1387,60-1-d12-1.1.O,125,5
1388,60-1-d12-1.1.O,126,5
1389,60-1-d12-1.1.O,127,5
1390,60-1-d12-1.1.O,128,7
1391,60-1-d12-1.1.O,129,6
1392,60-1-d12-1.1.O,130,6
1393,60-1-d12-1.1.O,131,6
1394,60-1-d12-1.1.O,132,4
1395,60-1-d12-1.1.O,133,4
1396,60-1-d12-1.1.O,134,7
1397,60-1-d12-1.1.O,135,7
1398,60-1-d12-1.1.O,136,7
1399,60-1-d12-1.1.O,137,6
1400,60-1-d12-1.1.O,138,13
1401,60-1-d12-1.1.O,139,13
1402,60-1-d12-1.1.O,140,4
1403,60-1-d12-1.1.O,141,4
1404,60-1-d12-1.1.O,142,5
1405,60-1-d12-1.1.O,143,4
1406,60-1-d12-1.1.O,144,5
1407,60-1-d12-1.1.O,145,5
1408,60-1-d12-1.1.O,146,5
1409,60-1-d12-1.1.O,147,5
1410,60-1-d12-1.1.O,148,5
1411,60-1-d12-1.1.O,149,4
1412,60-1-d12-1.1.O,150,4
1413,60-1-d12-1.1.O,151,2
1414,60-1-d12-1.1.O,152,2
1415,60-1-d12-1.1.O,153,2
1416,60-1-d12-1.1.O,154,3
1417,60-1-d12-1.1.O,155,3
1418,60-1-d12-1.1.O,156,3
1419,60-1-d12-1.1.O,157,3
1420,60-1-d12-1.1.O,158,5
1421,60-1-d12-1.1.O,159,5
1422,60-1-d12-1.1.O,160,5
1423,60-1-d12-1.1.O,161,3
1424,60-1-d12-1.1.O,162,3
1425,60-1-d12-1.1.O,163,3
1426,60-1-d12-1.1.O,164,3
1427,60-1-d12-1.1.O,165,3
1428,60-1-d12-1.1.O,166,3
1429,60-1-d12-1.1.O,167,3
1430,60-1-d12-1.1.O,168,3
1431,60-1-d12-1.1.O,169,3
1432,60-1-d12-1.1.O,170,3
1433,60-1-d12-1.1.O,171,4
1434,60-1-d12-1.1.O,172,4
1435,60-1-d12-1.1.O,173,4
1436,60-1-d12-1.1.O,174,4
1437,60-1-d12-1.1.O,175,4
1438,60-1-d12-1.1.O,176,4
1439,60-1-d12-1.1.O,177,4
1440,60-1-d12-1.1.O,178,4
1441,60-1-d12-1.1.O,179,4
1442,60-1-d12-1.1.O,180,4
1443,60-1-d12-1.1.O,181,4
1444,60-1-d12-1.1.O,182,4
1445,60-1-d12-1.1.O,183,4
1446,60-1-d12-1.1.O,184,4
1447,60-1-d12-1.1.O,185,5
1448,60-1-d12-1.1.O,186,5
1449,60-1-d12-1.1.O,187,5
1450,60-1-d12-1.1.O,188,5
1451,60-1-d12-1.1.O,189,5
1452,60-1-d12-1.1.O,190,5
1453,60-1-d12-1.1.O,191,5
1454,60-1-d12-1.1.O,192,4
1455,60-1-d12-1.1.O,193,4
1456,60-1-d12-1.1.O,194,3
1457,60-1-d12-1.1.O,195,3
1458,60-1-d12-1.1.O,196,3
1459,60-1-d12-1.1.O,197,2
1460,60-1-d12-1.1.O,198,2
1461,60-1-d12-1.1.O,199,4
1462,60-1-d12-1.1.O,200,4
1463,60-1-d12-1.3.I,1,4
1464,60-1-d12-1.3.I,2,4
1465,60-1-d12-1.3.I,3,4
1466,60-1-d12-1.3.I,4,4
1467,60-1-d12-1.3.I,5,4
1468,60-1-d12-1.3.I,6,4
1469,60-1-d12-1.3.I,7,4
1470,60-1-d12-1.3.I,8,4
1471,60-1-d12-1.3.I,9,2
1472,60-1-d12-1.3.I,10,3
1473,60-1-d12-1.3.I,11,3
1474,60-1-d12-1.3.I,12,4
1475,60-1-d12-1.3.I,13,4
1476,60-1-d12-1.3.I,14,5
1477,60-1-d12-1.3.I,15,5
1478,60-1-d12-1.3.I,16,5
1479,60-1-d12-1.3.I,17,5
1480,60-1-d12-1.3.I,18,5
1481,60-1-d12-1.3.I,19,5
1482,60-1-d12-1.3.I,20,5
1483,60-1-d12-1.3.I,21,4
1484,60-1-d12-1.3.I,22,4
1485,60-1-d12-1.3.I,23,4
1486,60-1-d12-1.3.I,24,4
1487,60-1-d12-1.3.I,25,4
1488,60-1-d12-1.3.I,26,4
1489,60-1-d12-1.3.I,27,4
1490,60-1-d12-1.3.I,28,4
1491,60-1-d12-1.3.I,29,4
1492,60-1-d12-1.3.I,30,4
1493,60-1-d12-1.3.I,31,4
1494,60-1-d12-1.3.I,32,4
1495,60-1-d12-1.3.I,33,4
1496,60-1-d12-1.3.I,34,4
1497,60-1-d12-1.3.I,35,4
1498,60-1-d12-1.3.I,36,4
1499,60-1-d12-1.3.I,37,4
1500,60-1-d12-1.3.I,38,4
1501,60-1-d12-1.3.I,39,4
1502,60-1-d12-1.3.I,40,3
1503,60-1-d12-1.3.I,41,3
1504,60-1-d12-1.3.I,42,3
1505,60-1-d12-1.3.I,43,3
1506,60-1-d12-1.3.I,44,3
1507,60-1-d12-1.3.I,45,3
1508,60-1-d12-1.3.I,46,3
1509,60-1-d12-1.3.I,47,3
1510,60-1-d12-1.3.I,48,3
1511,60-1-d12-1.3.I,49,5
1512,60-1-d12-1.3.I,50,5
1513,60-1-d12-1.3.I,51,5
1514,60-1-d12-1.3.I,52,3
1515,60-1-d12-1.3.I,53,3
1516,60-1-d12-1.3.I,54,3
1517,60-1-d12-1.3.I,55,3
1518,60-1-d12-1.3.I,56,2
1519,60-1-d12-1.3.I,57,2
1520,60-1-d12-1.3.I,58,2
1521,60-1-d12-1.3.I,59,2
1522,60-1-d12-1.3.I,60,4
1523,60-1-d12-1.3.I,61,4
1524,60-1-d12-1.3.I,62,5
1525,60-1-d12-1.3.I,63,5
1526,60-1-d12-1.3.I,64,5
1527,60-1-d12-1.3.I,65,4
1528,60-1-d12-1.3.I,66,4
1529,60-1-d12-1.3.I,67,4
1530,60-1-d12-1.3.I,68,5
1531,60-1-d12-1.3.I,69,8
1532,60-1-d12-1.3.I,70,8
1533,60-1-d12-1.3.I,71,8
1534,60-1-d12-1.3.I,72,8
1535,60-1-d12-1.3.I,73,6
1536,60-1-d12-1.3.I,74,6
1537,60-1-d12-1.3.I,75,7
1538,60-1-d12-1.3.I,76,4
1539,60-1-d12-1.3.I,77,4
1540,60-1-d12-1.3.I,78,6
1541,60-1-d12-1.3.I,79,6
1542,60-1-d12-1.3.I,80,6
1543,60-1-d12-1.3.I,81,7
1544,60-1-d12-1.3.I,82,5
1545,60-1-d12-1.3.I,83,5
1546,60-1-d12-1.3.I,84,5
1547,60-1-d12-1.3.I,85,10
1548,60-1-d12-1.3.I,86,12
1549,60-1-d12-1.3.I,87,10
1550,60-1-d12-1.3.I,88,8
1551,60-1-d12-1.3.I,89,10
1552,60-1-d12-1.3.I,90,10
1553,60-1-d12-1.3.I,91,10
1554,60-1-d12-1.3.I,92,12
1555,60-1-d12-1.3.I,93,12
1556,60-1-d12-1.3.I,94,10
1557,60-1-d12-1.3.I,95,10
1558,60-1-d12-1.3.I,96,10
1559,60-1-d12-1.3.I,97,10
1560,60-1-d12-1.3.I,98,10
1561,60-1-d12-1.3.I,99,10
1562,60-1-d12-1.3.I,100,10
1563,60-1-d12-1.3.I,101,8
1564,60-1-d12-1.3.I,102,8
1565,60-1-d12-1.3.I,103,8
1566,60-1-d12-1.3.I,104,8
1567,60-1-d12-1.3.I,105,8
1568,60-1-d12-1.3.I,106,8
1569,60-1-d12-1.3.I,107,8
1570,60-1-d12-1.3.I,108,13
1571,60-1-d12-1.3.I,109,11
1572,60-1-d12-1.3.I,110,11
1573,60-1-d12-1.3.I,111,13
1574,60-1-d12-1.3.I,112,13
1575,60-1-d12-1.3.I,113,13
1576,60-1-d12-1.3.I,114,13
1577,60-1-d12-1.3.I,115,13
1578,60-1-d12-1.3.I,116,9
1579,60-1-d12-1.3.I,117,9
1580,60-1-d12-1.3.I,118,9
1581,60-1-d12-1.3.I,119,9
1582,60-1-d12-1.3.I,120,10
1583,60-1-d12-1.3.I,121,10
1584,60-1-d12-1.3.I,122,13
1585,60-1-d12-1.3.I,123,13
1586,60-1-d12-1.3.I,124,13
1587,60-1-d12-1.3.I,125,19
1588,60-1-d12-1.3.I,126,19
1589,60-1-d12-1.3.I,127,18
1590,60-1-d12-1.3.I,128,18
1591,60-1-d12-1.3.I,129,19
1592,60-1-d12-1.3.I,130,19
1593,60-1-d12-1.3.I,131,19
1594,60-1-d12-1.3.I,132,19
1595,60-1-d12-1.3.I,133,19
1596,60-1-d12-1.3.I,134,16
1597,60-1-d12-1.3.I,135,16
1598,60-1-d12-1.3.I,136,15
1599,60-1-d12-1.3.I,137,15
1600,60-1-d12-1.3.I,138,15
1601,60-1-d12-1.3.I,139,11
1602,60-1-d12-1.3.I,140,11
1603,60-1-d12-1.3.I,141,11
1604,60-1-d12-1.3.I,142,11
1605,60-1-d12-1.3.I,143,17
1606,60-1-d12-1.3.I,144,17
1607,60-1-d12-1.3.I,145,15
1608,60-1-d12-1.3.I,146,15
1609,60-1-d12-1.3.I,147,15
1610,60-1-d12-1.3.I,148,20
1611,60-1-d12-1.3.I,149,20
1612,60-1-d12-1.3.I,150,20
1613,60-1-d12-1.3.I,151,20
1614,60-1-d12-1.3.I,152,7
1615,60-1-d12-1.3.I,153,7
1616,60-1-d12-1.3.I,154,7
1617,60-1-d12-1.3.I,155,7
1618,60-1-d12-1.3.I,156,11
1619,60-1-d12-1.3.I,157,11
1620,60-1-d12-1.3.I,158,11
1621,60-1-d12-1.3.I,159,19
1622,60-1-d12-1.3.I,160,19
1623,60-1-d12-1.3.I,161,22
1624,60-1-d12-1.3.I,162,22
1625,60-1-d12-1.3.I,163,22
1626,60-1-d12-1.3.I,164,22
1627,60-1-d12-1.3.I,165,29
1628,60-1-d12-1.3.I,166,29
1629,60-1-d12-1.3.I,167,28
1630,60-1-d12-1.3.I,168,28
1631,60-1-d12-1.3.I,169,28
1632,60-1-d12-1.3.I,170,33
1633,60-1-d12-1.3.I,171,33
1634,60-1-d12-1.3.I,172,42
1635,60-1-d12-1.3.I,173,42
1636,60-1-d12-1.3.I,174,42
1637,60-1-d12-1.3.I,175,44
1638,60-1-d12-1.3.I,176,44
1639,60-1-d12-1.3.I,177,44
1640,60-1-d12-1.3.I,178,44
1641,60-1-d12-1.3.I,179,46
1642,60-1-d12-1.3.I,180,46
1643,60-1-d12-1.3.I,181,46
1644,60-1-d12-1.3.I,182,46
1645,60-1-d12-1.3.I,183,46
1646,60-1-d12-1.3.I,184,46
1647,60-1-d12-1.3.I,185,46
1648,60-1-d12-1.3.I,186,46
1649,60-1-d12-1.3.I,187,46
1650,60-1-d12-1.3.I,188,46
1651,60-1-d12-1.3.I,189,46
1652,60-1-d12-1.3.I,190,46
1653,60-1-d12-1.3.I,191,46
1654,60-1-d12-1.3.I,192,46
1655,60-1-d12-1.3.I,193,46
1656,60-1-d12-1.3.I,194,46
1657,60-1-d12-1.3.I,195,46
1658,60-1-d12-1.3.I,196,52
1659,60-1-d12-1.3.I,197,52
1660,60-1-d12-1.3.I,198,52
1661,60-1-d12-1.3.I,199,52
1662,60-1-d12-1.3.I,200,52
1663,60-1-d12-1.3.I,201,52
1664,60-1-d12-1.3.I,202,52
1665,60-1-d12-1.3.I,203,52
1666,60-1-d12-1.3.I,204,52
1667,60-1-d12-1.3.I,205,51
1668,60-1-d12-1.3.I,206,51
1669,60-1-d12-1.3.I,207,51
1670,60-1-d12-1.3.I,208,51
1671,60-1-d12-1.3.I,209,53
1672,60-1-d12-1.3.I,210,53
1673,60-1-d12-1.3.I,211,53
1674,60-1-d12-1.3.I,212,53
1675,60-1-d12-1.3.I,213,53
1676,60-1-d12-1.3.I,214,53
1677,60-1-d12-1.3.I,215,53
1678,60-1-d12-1.3.I,216,53
1679,60-1-d12-1.3.I,217,54
1680,60-1-d12-1.3.I,218,54
1681,60-1-d12-1.3.I,219,55
1682,60-1-d12-1.3.I,220,55
1683,60-1-d12-1.3.I,221,55
1684,60-1-d12-1.1.O,1,55
1685,60-1-d12-1.1.O,2,55
1686,60-1-d12-1.1.O,3,59
1687,60-1-d12-1.1.O,4,59
1688,60-1-d12-1.1.O,5,58
1689,60-1-d12-1.1.O,6,58
1690,60-1-d12-1.1.O,7,58
1691,60-1-d12-1.1.O,8,54
1692,60-1-d12-1.1.O,9,54
1693,60-1-d12-1.1.O,10,54
1694,60-1-d12-1.1.O,11,54
1695,60-1-d12-1.1.O,12,53
1696,60-1-d12-1.1.O,13,53
1697,60-1-d12-1.1.O,14,53
1698,60-1-d12-1.1.O,15,53
1699,60-1-d12-1.1.O,16,51
1700,60-1-d12-1.1.O,17,51
1701,60-1-d12-1.1.O,18,51
1702,60-1-d12-1.1.O,19,51
1703,60-1-d12-1.1.O,20,52
1704,60-1-d12-1.1.O,21,52
1705,60-1-d12-1.1.O,22,52
1706,60-1-d12-1.1.O,23,52
1707,60-1-d12-1.1.O,24,52
1708,60-1-d12-1.1.O,25,52
1709,60-1-d12-1.1.O,26,52
1710,60-1-d12-1.1.O,27,52
1711,60-1-d12-1.1.O,28,46
1712,60-1-d12-1.1.O,29,46
1713,60-1-d12-1.1.O,30,46
1714,60-1-d12-1.1.O,31,46
1715,60-1-d12-1.1.O,32,46
1716,60-1-d12-1.1.O,33,46
1717,60-1-d12-1.1.O,34,46
1718,60-1-d12-1.1.O,35,46
1719,60-1-d12-1.1.O,36,45
1720,60-1-d12-1.1.O,37,46
1721,60-1-d12-1.1.O,38,46
1722,60-1-d12-1.1.O,39,46
1723,60-1-d12-1.1.O,40,46
1724,60-1-d12-1.1.O,41,46
1725,60-1-d12-1.1.O,42,46
1726,60-1-d12-1.1.O,43,46
1727,60-1-d12-1.1.O,44,46
1728,60-1-d12-1.1.O,45,46
1729,60-1-d12-1.1.O,46,44
1730,60-1-d12-1.1.O,47,44
1731,60-1-d12-1.1.O,48,44
1732,60-1-d12-1.1.O,49,42
1733,60-1-d12-1.1.O,50,42
1734,60-1-d12-1.1.O,51,42
1735,60-1-d12-1.1.O,52,33
1736,60-1-d12-1.1.O,53,33
1737,60-1-d12-1.1.O,54,33
1738,60-1-d12-1.1.O,55,28
1739,60-1-d12-1.1.O,56,28
1740,60-1-d12-1.1.O,57,29
1741,60-1-d12-1.1.O,58,29
1742,60-1-d12-1.1.O,59,29
1743,60-1-d12-1.1.O,60,29
1744,60-1-d12-1.1.O,61,22
1745,60-1-d12-1.1.O,62,22
1746,60-1-d12-1.1.O,63,22
1747,60-1-d12-1.1.O,64,19
1748,60-1-d12-1.1.O,65,19
1749,60-1-d12-1.1.O,66,11
1750,60-1-d12-1.1.O,67,11
1751,60-1-d12-1.1.O,68,11
1752,60-1-d12-1.1.O,69,7
1753,60-1-d12-1.1.O,70,7
1754,60-1-d12-1.1.O,71,7
1755,60-1-d12-1.1.O,72,7
1756,60-1-d12-1.1.O,73,20
1757,60-1-d12-1.1.O,74,20
1758,60-1-d12-1.1.O,75,20
1759,60-1-d12-1.1.O,76,19
1760,60-1-d12-1.1.O,77,15
1761,60-1-d12-1.1.O,78,15
1762,60-1-d12-1.1.O,79,17
1763,60-1-d12-1.1.O,80,17
1764,60-1-d12-1.1.O,81,11
1765,60-1-d12-1.1.O,82,11
1766,60-1-d12-1.1.O,83,11
1767,60-1-d12-1.1.O,84,11
1768,60-1-d12-1.1.O,85,15
1769,60-1-d12-1.1.O,86,15
1770,60-1-d12-1.1.O,87,15
1771,60-1-d12-1.1.O,88,15
1772,60-1-d12-1.1.O,89,19
1773,60-1-d12-1.1.O,90,19
1774,60-1-d12-1.1.O,91,19
1775,60-1-d12-1.1.O,92,19
1776,60-1-d12-1.1.O,93,19
1777,60-1-d12-1.1.O,94,21
1778,60-1-d12-1.1.O,95,21
1779,60-1-d12-1.1.O,96,18
1780,60-1-d12-1.1.O,97,18
1781,60-1-d12-1.1.O,98,18
1782,60-1-d12-1.1.O,99,18
1783,60-1-d12-1.1.O,100,18
1784,60-1-d12-1.1.O,101,21
1785,60-1-d12-1.1.O,102,21
1786,60-1-d12-1.1.O,103,10
1787,60-1-d12-1.1.O,104,13
1788,60-1-d12-1.1.O,105,13
1789,60-1-d12-1.1.O,106,13
1790,60-1-d12-1.1.O,107,13
1791,60-1-d12-1.1.O,108,13
1792,60-1-d12-1.1.O,109,13
1793,60-1-d12-1.1.O,110,8
1794,60-1-d12-1.1.O,111,8
1795,60-1-d12-1.1.O,112,8
1796,60-1-d12-1.1.O,113,11
1797,60-1-d12-1.1.O,114,11
1798,60-1-d12-1.1.O,115,11
1799,60-1-d12-1.1.O,116,10
1800,60-1-d12-1.1.O,117,10
1801,60-1-d12-1.1.O,118,8
1802,60-1-d12-1.1.O,119,10
1803,60-1-d12-1.1.O,120,5
1804,60-1-d12-1.1.O,121,5
1805,60-1-d12-1.1.O,122,5
1806,60-1-d12-1.1.O,123,5
1807,60-1-d12-1.1.O,124,5
1808,60-1-d12-1.1.O,125,5
1809,60-1-d12-1.1.O,126,5
1810,60-1-d12-1.1.O,127,5
1811,60-1-d12-1.1.O,128,7
1812,60-1-d12-1.1.O,129,6
1813,60-1-d12-1.1.O,130,6
1814,60-1-d12-1.1.O,131,6
1815,60-1-d12-1.1.O,132,4
1816,60-1-d12-1.1.O,133,4
1817,60-1-d12-1.1.O,134,7
1818,60-1-d12-1.1.O,135,7
1819,60-1-d12-1.1.O,136,7
1820,60-1-d12-1.1.O,137,6
1821,60-1-d12-1.1.O,138,13
1822,60-1-d12-1.1.O,139,13
1823,60-1-d12-1.1.O,140,4
1824,60-1-d12-1.1.O,141,4
1825,60-1-d12-1.1.O,142,5
1826,60-1-d12-1.1.O,143,4
1827,60-1-d12-1.1.O,144,5
1828,60-1-d12-1.1.O,145,5
1829,60-1-d12-1.1.O,146,5
1830,60-1-d12-1.1.O,147,5
1831,60-1-d12-1.1.O,148,5
1832,60-1-d12-1.1.O,149,4
1833,60-1-d12-1.1.O,150,4
1834,60-1-d12-1.1.O,151,2
1835,60-1-d12-1.1.O,152,2
1836,60-1-d12-1.1.O,153,2
1837,60-1-d12-1.1.O,154,3
1838,60-1-d12-1.1.O,155,3
1839,60-1-d12-1.1.O,156,3
1840,60-1-d12-1.1.O,157,3
1841,60-1-d12-1.1.O,158,5
1842,60-1-d12-1.1.O,159,5
1843,60-1-d12-1.1.O,160,5
1844,60-1-d12-1.1.O,161,3
1845,60-1-d12-1.1.O,162,3
1846,60-1-d12-1.1.O,163,3
1847,60-1-d12-1.1.O,164,3
1848,60-1-d12-1.1.O,165,3
1849,60-1-d12-1.1.O,166,3
1850,60-1-d12-1.1.O,167,3
1851,60-1-d12-1.1.O,168,3
1852,60-1-d12-1.1.O,169,3
1853,60-1-d12-1.1.O,170,3
1854,60-1-d12-1.1.O,171,4
1855,60-1-d12-1.1.O,172,4
1856,60-1-d12-1.1.O,173,4
1857,60-1-d12-1.1.O,174,4
1858,60-1-d12-1.1.O,175,4
1859,60-1-d12-1.1.O,176,4
1860,60-1-d12-1.1.O,177,4
1861,60-1-d12-1.1.O,178,4
1862,60-1-d12-1.1.O,179,4
1863,60-1-d12-1.1.O,180,4
1864,60-1-d12-1.1.O,181,4
1865,60-1-d12-1.1.O,182,4
1866,60-1-d12-1.1.O,183,4
1867,60-1-d12-1.1.O,184,4
1868,60-1-d12-1.1.O,185,5
1869,60-1-d12-1.1.O,186,5
1870,60-1-d12-1.1.O,187,5
1871,60-1-d12-1.1.O,188,5
1872,60-1-d12-1.1.O,189,5
1873,60-1-d12-1.1.O,190,5
1874,60-1-d12-1.1.O,191,5
1875,60-1-d12-1.1.O,192,4
1876,60-1-d12-1.1.O,193,4
1877,60-1-d12-1.1.O,194,3
1878,60-1-d12-1.1.O,195,3
1879,60-1-d12-1.1.O,196,3
1880,60-1-d12-1.1.O,197,2
1881,60-1-d12-1.1.O,198,2
1882,60-1-d12-1.1.O,199,4
1883,60-1-d12-1.1.O,200,4
1884,60-1-d12-1.3.I,1,4
1885,60-1-d12-1.3.I,2,4
1886,60-1-d12-1.3.I,3,4
1887,60-1-d12-1.3.I,4,4
1888,60-1-d12-1.3.I,5,4
1889,60-1-d12-1.3.I,6,4
1890,60-1-d12-1.3.I,7,4
1891,60-1-d12-1.3.I,8,4
1892,60-1-d12-1.3.I,9,2
1893,60-1-d12-1.3.I,10,3
1894,60-1-d12-1.3.I,11,3
1895,60-1-d12-1.3.I,12,4
1896,60-1-d12-1.3.I,13,4
1897,60-1-d12-1.3.I,14,5
1898,60-1-d12-1.3.I,15,5
1899,60-1-d12-1.3.I,16,5
1900,60-1-d12-1.3.I,17,5
1901,60-1-d12-1.3.I,18,5
1902,60-1-d12-1.3.I,19,5
1903,60-1-d12-1.3.I,20,5
1904,60-1-d12-1.3.I,21,4
1905,60-1-d12-1.3.I,22,4
1906,60-1-d12-1.3.I,23,4
1907,60-1-d12-1.3.I,24,4
1908,60-1-d12-1.3.I,25,4
1909,60-1-d12-1.3.I,26,4
1910,60-1-d12-1.3.I,27,4
1911,60-1-d12-1.3.I,28,4
1912,60-1-d12-1.3.I,29,4
1913,60-1-d12-1.3.I,30,4
1914,60-1-d12-1.3.I,31,4
1915,60-1-d12-1.3.I,32,4
1916,60-1-d12-1.3.I,33,4
1917,60-1-d12-1.3.I,34,4
1918,60-1-d12-1.3.I,35,4
1919,60-1-d12-1.3.I,36,4
1920,60-1-d12-1.3.I,37,4
1921,60-1-d12-1.3.I,38,4
1922,60-1-d12-1.3.I,39,4
1923,60-1-d12-1.3.I,40,3
1924,60-1-d12-1.3.I,41,3
1925,60-1-d12-1.3.I,42,3
1926,60-1-d12-1.3.I,43,3
1927,60-1-d12-1.3.I,44,3
1928,60-1-d12-1.3.I,45,3
1929,60-1-d12-1.3.I,46,3
1930,60-1-d12-1.3.I,47,3
1931,60-1-d12-1.3.I,48,3
1932,60-1-d12-1.3.I,49,5
1933,60-1-d12-1.3.I,50,5
1934,60-1-d12-1.3.I,51,5
1935,60-1-d12-1.3.I,52,3
1936,60-1-d12-1.3.I,53,3
1937,60-1-d12-1.3.I,54,3
1938,60-1-d12-1.3.I,55,3
1939,60-1-d12-1.3.I,56,2
1940,60-1-d12-1.3.I,57,2
1941,60-1-d12-1.3.I,58,2
1942,60-1-d12-1.3.I,59,2
1943,60-1-d12-1.3.I,60,4
1944,60-1-d12-1.3.I,61,4
1945,60-1-d12-1.3.I,62,5
1946,60-1-d12-1.3.I,63,5
1947,60-1-d12-1.3.I,64,5
1948,60-1-d12-1.3.I,65,4
1949,60-1-d12-1.3.I,66,4
1950,60-1-d12-1.3.I,67,4
1951,60-1-d12-1.3.I,68,5
1952,60-1-d12-1.3.I,69,8
1953,60-1-d12-1.3.I,70,8
1954,60-1-d12-1.3.I,71,8
1955,60-1-d12-1.3.I,72,8
1956,60-1-d12-1.3.I,73,6
1957,60-1-d12-1.3.I,74,6
1958,60-1-d12-1.3.I,75,7
1959,60-1-d12-1.3.I,76,4
1960,60-1-d12-1.3.I,77,4
1961,60-1-d12-1.3.I,78,6
1962,60-1-d12-1.3.I,79,6
1963,60-1-d12-1.3.I,80,6
1964,60-1-d12-1.3.I,81,7
1965,60-1-d12-1.3.I,82,5
1966,60-1-d12-1.3.I,83,5
1967,60-1-d12-1.3.I,84,5
1968,60-1-d12-1.3.I,85,10
1969,60-1-d12-1.3.I,86,12
1970,60-1-d12-1.3.I,87,10
1971,60-1-d12-1.3.I,88,8
1972,60-1-d12-1.3.I,89,10
1973,60-1-d12-1.3.I,90,10
1974,60-1-d12-1.3.I,91,10
1975,60-1-d12-1.3.I,92,12
1976,60-1-d12-1.3.I,93,12
1977,60-1-d12-1.3.I,94,10
1978,60-1-d12-1.3.I,95,10
1979,60-1-d12-1.3.I,96,10
1980,60-1-d12-1.3.I,97,10
1981,60-1-d12-1.3.I,98,10
1982,60-1-d12-1.3.I,99,10
1983,60-1-d12-1.3.I,100,10
1984,60-1-d12-1.3.I,101,8
1985,60-1-d12-1.3.I,102,8
1986,60-1-d12-1.3.I,103,8
1987,60-1-d12-1.3.I,104,8
1988,60-1-d12-1.3.I,105,8
1989,60-1-d12-1.3.I,106,8
1990,60-1-d12-1.3.I,107,8
1991,60-1-d12-1.3.I,108,13
1992,60-1-d12-1.3.I,109,11
1993,60-1-d12-1.3.I,110,11
1994,60-1-d12-1.3.I,111,13
1995,60-1-d12-1.3.I,112,13
1996,60-1-d12-1.3.I,113,13
1997,60-1-d12-1.3.I,114,13
1998,60-1-d12-1.3.I,115,13
1999,60-1-d12-1.3.I,116,9
2000,60-1-d12-1.3.I,117,9
2001,60-1-d12-1.3.I,118,9
2002,60-1-d12-1.3.I,119,9
2003,60-1-d12-1.3.I,120,10
2004,60-1-d12-1.3.I,121,10
2005,60-1-d12-1.3.I,122,13
2006,60-1-d12-1.3.I,123,13
2007,60-1-d12-1.3.I,124,13
2008,60-1-d12-1.3.I,125,19
2009,60-1-d12-1.3.I,126,19
2010,60-1-d12-1.3.I,127,18
2011,60-1-d12-1.3.I,128,18
2012,60-1-d12-1.3.I,129,19
2013,60-1-d12-1.3.I,130,19
2014,60-1-d12-1.3.I,131,19
2015,60-1-d12-1.3.I,132,19
2016,60-1-d12-1.3.I,133,19
2017,60-1-d12-1.3.I,134,16
2018,60-1-d12-1.3.I,135,16
2019,60-1-d12-1.3.I,136,15
2020,60-1-d12-1.3.I,137,15
2021,60-1-d12-1.3.I,138,15
2022,60-1-d12-1.3.I,139,11
2023,60-1-d12-1.3.I,140,11
2024,60-1-d12-1.3.I,141,11
2025,60-1-d12-1.3.I,142,11
2026,60-1-d12-1.3.I,143,17
2027,60-1-d12-1.3.I,144,17
2028,60-1-d12-1.3.I,145,15
2029,60-1-d12-1.3.I,146,15
2030,60-1-d12-1.3.I,147,15
2031,60-1-d12-1.3.I,148,20
2032,60-1-d12-1.3.I,149,20
2033,60-1-d12-1.3.I,150,20
2034,60-1-d12-1.3.I,151,20
2035,60-1-d12-1.3.I,152,7
2036,60-1-d12-1.3.I,153,7
2037,60-1-d12-1.3.I,154,7
2038,60-1-d12-1.3.I,155,7
2039,60-1-d12-1.3.I,156,11
2040,60-1-d12-1.3.I,157,11
2041,60-1-d12-1.3.I,158,11
2042,60-1-d12-1.3.I,159,19
2043,60-1-d12-1.3.I,160,19
2044,60-1-d12-1.3.I,161,22
2045,60-1-d12-1.3.I,162,22
2046,60-1-d12-1.3.I,163,22
2047,60-1-d12-1.3.I,164,22
2048,60-1-d12-1.3.I,165,29
2049,60-1-d12-1.3.I,166,29
2050,60-1-d12-1.3.I,167,28
2051,60-1-d12-1.3.I,168,28
2052,60-1-d12-1.3.I,169,28
2053,60-1-d12-1.3.I,170,33
2054,60-1-d12-1.3.I,171,33
2055,60-1-d12-1.3.I,172,42
2056,60-1-d12-1.3.I,173,42
2057,60-1-d12-1.3.I,174,42
2058,60-1-d12-1.3.I,175,44
2059,60-1-d12-1.3.I,176,44
2060,60-1-d12-1.3.I,177,44
2061,60-1-d12-1.3.I,178,44
2062,60-1-d12-1.3.I,179,46
2063,60-1-d12-1.3.I,180,46
2064,60-1-d12-1.3.I,181,46
2065,60-1-d12-1.3.I,182,46
2066,60-1-d12-1.3.I,183,46
2067,60-1-d12-1.3.I,184,46
2068,60-1-d12-1.3.I,185,46
2069,60-1-d12-1.3.I,186,46
2070,60-1-d12-1.3.I,187,46
2071,60-1-d12-1.3.I,188,46
2072,60-1-d12-1.3.I,189,46
2073,60-1-d12-1.3.I,190,46
2074,60-1-d12-1.3.I,191,46
2075,60-1-d12-1.3.I,192,46
2076,60-1-d12-1.3.I,193,46
2077,60-1-d12-1.3.I,194,46
2078,60-1-d12-1.3.I,195,46
2079,60-1-d12-1.3.I,196,52
2080,60-1-d12-1.3.I,197,52
2081,60-1-d12-1.3.I,198,52
2082,60-1-d12-1.3.I,199,52
2083,60-1-d12-1.3.I,200,52
2084,60-1-d12-1.3.I,201,52
2085,60-1-d12-1.3.I,202,52
2086,60-1-d12-1.3.I,203,52
2087,60-1-d12-1.3.I,204,52
2088,60-1-d12-1.3.I,205,51
2089,60-1-d12-1.3.I,206,51
2090,60-1-d12-1.3.I,207,51
2091,60-1-d12-1.3.I,208,51
2092,60-1-d12-1.3.I,209,53
2093,60-1-d12-1.3.I,210,53
2094,60-1-d12-1.3.I,211,53
2095,60-1-d12-1.3.I,212,53
2096,60-1-d12-1.3.I,213,53
2097,60-1-d12-1.3.I,214,53
2098,60-1-d12-1.3.I,215,53
2099,60-1-d12-1.3.I,216,53
2100,60-1-d12-1.3.I,217,54
2101,60-1-d12-1.3.I,218,54
2102,60-1-d12-1.3.I,219,55
2103,60-1-d12-1.3.I,220,55
2104,60-1-d12-1.3.I,221,55
2105,60-1-d12-1.1.O,1,55
2106,60-1-d12-1.1.O,2,55
2107,60-1-d12-1.1.O,3,59
2108,60-1-d12-1.1.O,4,59
2109,60-1-d12-1.1.O,5,58
2110,60-1-d12-1.1.O,6,58
2111,60-1-d12-1.1.O,7,58
2112,60-1-d12-1.1.O,8,54
2113,60-1-d12-1.1.O,9,54
2114,60-1-d12-1.1.O,10,54
2115,60-1-d12-1.1.O,11,54
2116,60-1-d12-1.1.O,12,53
2117,60-1-d12-1.1.O,13,53
2118,60-1-d12-1.1.O,14,53
2119,60-1-d12-1.1.O,15,53
2120,60-1-d12-1.1.O,16,51
2121,60-1-d12-1.1.O,17,51
2122,60-1-d12-1.1.O,18,51
2123,60-1-d12-1.1.O,19,51
2124,60-1-d12-1.1.O,20,52
2125,60-1-d12-1.1.O,21,52
2126,60-1-d12-1.1.O,22,52
2127,60-1-d12-1.1.O,23,52
2128,60-1-d12-1.1.O,24,52
2129,60-1-d12-1.1.O,25,52
2130,60-1-d12-1.1.O,26,52
2131,60-1-d12-1.1.O,27,52
2132,60-1-d12-1.1.O,28,46
2133,60-1-d12-1.1.O,29,46
2134,60-1-d12-1.1.O,30,46
2135,60-1-d12-1.1.O,31,46
2136,60-1-d12-1.1.O,32,46
2137,60-1-d12-1.1.O,33,46
2138,60-1-d12-1.1.O,34,46
2139,60-1-d12-1.1.O,35,46
2140,60-1-d12-1.1.O,36,45
2141,60-1-d12-1.1.O,37,46
2142,60-1-d12-1.1.O,38,46
2143,60-1-d12-1.1.O,39,46
2144,60-1-d12-1.1.O,40,46
2145,60-1-d12-1.1.O,41,46
2146,60-1-d12-1.1.O,42,46
2147,60-1-d12-1.1.O,43,46
2148,60-1-d12-1.1.O,44,46
2149,60-1-d12-1.1.O,45,46
2150,60-1-d12-1.1.O,46,44
2151,60-1-d12-1.1.O,47,44
2152,60-1-d12-1.1.O,48,44
2153,60-1-d12-1.1.O,49,42
2154,60-1-d12-1.1.O,50,42
2155,60-1-d12-1.1.O,51,42
2156,60-1-d12-1.1.O,52,33
2157,60-1-d12-1.1.O,53,33
2158,60-1-d12-1.1.O,54,33
2159,60-1-d12-1.1.O,55,28
2160,60-1-d12-1.1.O,56,28
2161,60-1-d12-1.1.O,57,29
2162,60-1-d12-1.1.O,58,29
2163,60-1-d12-1.1.O,59,29
2164,60-1-d12-1.1.O,60,29
2165,60-1-d12-1.1.O,61,22
2166,60-1-d12-1.1.O,62,22
2167,60-1-d12-1.1.O,63,22
2168,60-1-d12-1.1.O,64,19
2169,60-1-d12-1.1.O,65,19
2170,60-1-d12-1.1.O,66,11
2171,60-1-d12-1.1.O,67,11
2172,60-1-d12-1.1.O,68,11
2173,60-1-d12-1.1.O,69,7
2174,60-1-d12-1.1.O,70,7
2175,60-1-d12-1.1.O,71,7
2176,60-1-d12-1.1.O,72,7
2177,60-1-d12-1.1.O,73,20
2178,60-1-d12-1.1.O,74,20
2179,60-1-d12-1.1.O,75,20
2180,60-1-d12-1.1.O,76,19
2181,60-1-d12-1.1.O,77,15
2182,60-1-d12-1.1.O,78,15
2183,60-1-d12-1.1.O,79,17
2184,60-1-d12-1.1.O,80,17
2185,60-1-d12-1.1.O,81,11
2186,60-1-d12-1.1.O,82,11
2187,60-1-d12-1.1.O,83,11
2188,60-1-d12-1.1.O,84,11
2189,60-1-d12-1.1.O,85,15
2190,60-1-d12-1.1.O,86,15
2191,60-1-d12-1.1.O,87,15
2192,60-1-d12-1.1.O,88,15
2193,60-1-d12-1.1.O,89,19
2194,60-1-d12-1.1.O,90,19
2195,60-1-d12-1.1.O,91,19
2196,60-1-d12-1.1.O,92,19
2197,60-1-d12-1.1.O,93,19
2198,60-1-d12-1.1.O,94,21
2199,60-1-d12-1.1.O,95,21
2200,60-1-d12-1.1.O,96,18
2201,60-1-d12-1.1.O,97,18
2202,60-1-d12-1.1.O,98,18
2203,60-1-d12-1.1.O,99,18
2204,60-1-d12-1.1.O,100,18
2205,60-1-d12-1.1.O,101,21
2206,60-1-d12-1.1.O,102,21
2207,60-1-d12-1.1.O,103,10
2208,60-1-d12-1.1.O,104,13
2209,60-1-d12-1.1.O,105,13
2210,60-1-d12-1.1.O,106,13
2211,60-1-d12-1.1.O,107,13
2212,60-1-d12-1.1.O,108,13
2213,60-1-d12-1.1.O,109,13
2214,60-1-d12-1.1.O,110,8
2215,60-1-d12-1.1.O,111,8
2216,60-1-d12-1.1.O,112,8
2217,60-1-d12-1.1.O,113,11
2218,60-1-d12-1.1.O,114,11
2219,60-1-d12-1.1.O,115,11
2220,60-1-d12-1.1.O,116,10
2221,60-1-d12-1.1.O,117,10
2222,60-1-d12-1.1.O,118,8
2223,60-1-d12-1.1.O,119,10
2224,60-1-d12-1.1.O,120,5
2225,60-1-d12-1.1.O,121,5
2226,60-1-d12-1.1.O,122,5
2227,60-1-d12-1.1.O,123,5
2228,60-1-d12-1.1.O,124,5
2229,60-1-d12-1.1.O,125,5
2230,60-1-d12-1.1.O,126,5
2231,60-1-d12-1.1.O,127,5
2232,60-1-d12-1.1.O,128,7
2233,60-1-d12-1.1.O,129,6
2234,60-1-d12-1.1.O,130,6
2235,60-1-d12-1.1.O,131,6
2236,60-1-d12-1.1.O,132,4
2237,60-1-d12-1.1.O,133,4
2238,60-1-d12-1.1.O,134,7
2239,60-1-d12-1.1.O,135,7
2240,60-1-d12-1.1.O,136,7
2241,60-1-d12-1.1.O,137,6
2242,60-1-d12-1.1.O,138,13
2243,60-1-d12-1.1.O,139,13
2244,60-1-d12-1.1.O,140,4
2245,60-1-d12-1.1.O,141,4
2246,60-1-d12-1.1.O,142,5
2247,60-1-d12-1.1.O,143,4
2248,60-1-d12-1.1.O,144,5
2249,60-1-d12-1.1.O,145,5
2250,60-1-d12-1.1.O,146,5
2251,60-1-d12-1.1.O,147,5
2252,60-1-d12-1.1.O,148,5
2253,60-1-d12-1.1.O,149,4
2254,60-1-d12-1.1.O,150,4
2255,60-1-d12-1.1.O,151,2
2256,60-1-d12-1.1.O,152,2
2257,60-1-d12-1.1.O,153,2
2258,60-1-d12-1.1.O,154,3
2259,60-1-d12-1.1.O,155,3
2260,60-1-d12-1.1.O,156,3
2261,60-1-d12-1.1.O,157,3
2262,60-1-d12-1.1.O,158,5
2263,60-1-d12-1.1.O,159,5
2264,60-1-d12-1.1.O,160,5
2265,60-1-d12-1.1.O,161,3
2266,60-1-d12-1.1.O,162,3
2267,60-1-d12-1.1.O,163,3
2268,60-1-d12-1.1.O,164,3
2269,60-1-d12-1.1.O,165,3
2270,60-1-d12-1.1.O,166,3
2271,60-1-d12-1.1.O,167,3
2272,60-1-d12-1.1.O,168,3
2273,60-1-d12-1.1.O,169,3
2274,60-1-d12-1.1.O,170,3
2275,60-1-d12-1.1.O,171,4
2276,60-1-d12-1.1.O,172,4
2277,60-1-d12-1.1.O,173,4
2278,60-1-d12-1.1.O,174,4
2279,60-1-d12-1.1.O,175,4
2280,60-1-d12-1.1.O,176,4
2281,60-1-d12-1.1.O,177,4
2282,60-1-d12-1.1.O,178,4
2283,60-1-d12-1.1.O,179,4
2284,60-1-d12-1.1.O,180,4
2285,60-1-d12-1.1.O,181,4
2286,60-1-d12-1.1.O,182,4
2287,60-1-d12-1.1.O,183,4
2288,60-1-d12-1.1.O,184,4
2289,60-1-d12-1.1.O,185,5
2290,60-1-d12-1.1.O,186,5
2291,60-1-d12-1.1.O,187,5
2292,60-1-d12-1.1.O,188,5
2293,60-1-d12-1.1.O,189,5
2294,60-1-d12-1.1.O,190,5
2295,60-1-d12-1.1.O,191,5
2296,60-1-d12-1.1.O,192,4
2297,60-1-d12-1.1.O,193,4
2298,60-1-d12-1.1.O,194,3
2299,60-1-d12-1.1.O,195,3
2300,60-1-d12-1.1.O,196,3
2301,60-1-d12-1.1.O,197,2
2302,60-1-d12-1.1.O,198,2
2303,60-1-d12-1.1.O,199,4
2304,60-1-d12-1.1.O,200,4
2305,60-1-d12-1.3.I,1,4
2306,60-1-d12-1.3.I,2,4
2307,60-1-d12-1.3.I,3,4
2308,60-1-d12-1.3.I,4,4
2309,60-1-d12-1.3.I,5,4
2310,60-1-d12-1.3.I,6,4
2311,60-1-d12-1.3.I,7,4
2312,60-1-d12-1.3.I,8,4
2313,60-1-d12-1.3.I,9,2
2314,60-1-d12-1.3.I,10,3
2315,60-1-d12-1.3.I,11,3
2316,60-1-d12-1.3.I,12,4
2317,60-1-d12-1.3.I,13,4
2318,60-1-d12-1.3.I,14,5
2319,60-1-d12-1.3.I,15,5
2320,60-1-d12-1.3.I,16,5
2321,60-1-d12-1.3.I,17,5
2322,60-1-d12-1.3.I,18,5
2323,60-1-d12-1.3.I,19,5
2324,60-1-d12-1.3.I,20,5
2325,60-1-d12-1.3.I,21,4
2326,60-1-d12-1.3.I,22,4
2327,60-1-d12-1.3.I,23,4
2328,60-1-d12-1.3.I,24,4
2329,60-1-d12-1.3.I,25,4
2330,60-1-d12-1.3.I,26,4
2331,60-1-d12-1.3.I,27,4
2332,60-1-d12-1.3.I,28,4
2333,60-1-d12-1.3.I,29,4
2334,60-1-d12-1.3.I,30,4
2335,60-1-d12-1.3.I,31,4
2336,60-1-d12-1.3.I,32,4
2337,60-1-d12-1.3.I,33,4
2338,60-1-d12-1.3.I,34,4
2339,60-1-d12-1.3.I,35,4
2340,60-1-d12-1.3.I,36,4
2341,60-1-d12-1.3.I,37,4
2342,60-1-d12-1.3.I,38,4
2343,60-1-d12-1.3.I,39,4
2344,60-1-d12-1.3.I,40,3
2345,60-1-d12-1.3.I,41,3
2346,60-1-d12-1.3.I,42,3
2347,60-1-d12-1.3.I,43,3
2348,60-1-d12-1.3.I,44,3
2349,60-1-d12-1.3.I,45,3
2350,60-1-d12-1.3.I,46,3
2351,60-1-d12-1.3.I,47,3
2352,60-1-d12-1.3.I,48,3
2353,60-1-d12-1.3.I,49,5
2354,60-1-d12-1.3.I,50,5
2355,60-1-d12-1.3.I,51,5
2356,60-1-d12-1.3.I,52,3
2357,60-1-d12-1.3.I,53,3
2358,60-1-d12-1.3.I,54,3
2359,60-1-d12-1.3.I,55,3
2360,60-1-d12-1.3.I,56,2
2361,60-1-d12-1.3.I,57,2
2362,60-1-d12-1.3.I,58,2
2363,60-1-d12-1.3.I,59,2
2364,60-1-d12-1.3.I,60,4
2365,60-1-d12-1.3.I,61,4
2366,60-1-d12-1.3.I,62,5
2367,60-1-d12-1.3.I,63,5
2368,60-1-d12-1.3.I,64,5
2369,60-1-d12-1.3.I,65,4
2370,60-1-d12-1.3.I,66,4
2371,60-1-d12-1.3.I,67,4
2372,60-1-d12-1.3.I,68,5
2373,60-1-d12-1.3.I,69,8
2374,60-1-d12-1.3.I,70,8
2375,60-1-d12-1.3.I,71,8
2376,60-1-d12-1.3.I,72,8
2377,60-1-d12-1.3.I,73,6
2378,60-1-d12-1.3.I,74,6
2379,60-1-d12-1.3.I,75,7
2380,60-1-d12-1.3.I,76,4
2381,60-1-d12-1.3.I,77,4
2382,60-1-d12-1.3.I,78,6
2383,60-1-d12-1.3.I,79,6
2384,60-1-d12-1.3.I,80,6
2385,60-1-d12-1.3.I,81,7
2386,60-1-d12-1.3.I,82,5
2387,60-1-d12-1.3.I,83,5
2388,60-1-d12-1.3.I,84,5
2389,60-1-d12-1.3.I,85,10
2390,60-1-d12-1.3.I,86,12
2391,60-1-d12-1.3.I,87,10
2392,60-1-d12-1.3.I,88,8
2393,60-1-d12-1.3.I,89,10
2394,60-1-d12-1.3.I,90,10
2395,60-1-d12-1.3.I,91,10
2396,60-1-d12-1.3.I,92,12
2397,60-1-d12-1.3.I,93,12
2398,60-1-d12-1.3.I,94,10
2399,60-1-d12-1.3.I,95,10
2400,60-1-d12-1.3.I,96,10
2401,60-1-d12-1.3.I,97,10
2402,60-1-d12-1.3.I,98,10
2403,60-1-d12-1.3.I,99,10
2404,60-1-d12-1.3.I,100,10
2405,60-1-d12-1.3.I,101,8
2406,60-1-d12-1.3.I,102,8
2407,60-1-d12-1.3.I,103,8
2408,60-1-d12-1.3.I,104,8
2409,60-1-d12-1.3.I,105,8
2410,60-1-d12-1.3.I,106,8
2411,60-1-d12-1.3.I,107,8
2412,60-1-d12-1.3.I,108,13
2413,60-1-d12-1.3.I,109,11
2414,60-1-d12-1.3.I,110,11
2415,60-1-d12-1.3.I,111,13
2416,60-1-d12-1.3.I,112,13
2417,60-1-d12-1.3.I,113,13
2418,60-1-d12-1.3.I,114,13
2419,60-1-d12-1.3.I,115,13
2420,60-1-d12-1.3.I,116,9
2421,60-1-d12-1.3.I,117,9
2422,60-1-d12-1.3.I,118,9
2423,60-1-d12-1.3.I,119,9
2424,60-1-d12-1.3.I,120,10
2425,60-1-d12-1.3.I,121,10
2426,60-1-d12-1.3.I,122,13
2427,60-1-d12-1.3.I,123,13
2428,60-1-d12-1.3.I,124,13
2429,60-1-d12-1.3.I,125,19
2430,60-1-d12-1.3.I,126,19
2431,60-1-d12-1.3.I,127,18
2432,60-1-d12-1.3.I,128,18
2433,60-1-d12-1.3.I,129,19
2434,60-1-d12-1.3.I,130,19
2435,60-1-d12-1.3.I,131,19
2436,60-1-d12-1.3.I,132,19
2437,60-1-d12-1.3.I,133,19
2438,60-1-d12-1.3.I,134,16
2439,60-1-d12-1.3.I,135,16
2440,60-1-d12-1.3.I,136,15
2441,60-1-d12-1.3.I,137,15
2442,60-1-d12-1.3.I,138,15
2443,60-1-d12-1.3.I,139,11
2444,60-1-d12-1.3.I,140,11
2445,60-1-d12-1.3.I,141,11
2446,60-1-d12-1.3.I,142,11
2447,60-1-d12-1.3.I,143,17
2448,60-1-d12-1.3.I,144,17
2449,60-1-d12-1.3.I,145,15
2450,60-1-d12-1.3.I,146,15
2451,60-1-d12-1.3.I,147,15
2452,60-1-d12-1.3.I,148,20
2453,60-1-d12-1.3.I,149,20
2454,60-1-d12-1.3.I,150,20
2455,60-1-d12-1.3.I,151,20
2456,60-1-d12-1.3.I,152,7
2457,60-1-d12-1.3.I,153,7
2458,60-1-d12-1.3.I,154,7
2459,60-1-d12-1.3.I,155,7
2460,60-1-d12-1.3.I,156,11
2461,60-1-d12-1.3.I,157,11
2462,60-1-d12-1.3.I,158,11
2463,60-1-d12-1.3.I,159,19
2464,60-1-d12-1.3.I,160,19
2465,60-1-d12-1.3.I,161,22
2466,60-1-d12-1.3.I,162,22
2467,60-1-d12-1.3.I,163,22
2468,60-1-d12-1.3.I,164,22
2469,60-1-d12-1.3.I,165,29
2470,60-1-d12-1.3.I,166,29
2471,60-1-d12-1.3.I,167,28
2472,60-1-d12-1.3.I,168,28
2473,60-1-d12-1.3.I,169,28
2474,60-1-d12-1.3.I,170,33
2475,60-1-d12-1.3.I,171,33
2476,60-1-d12-1.3.I,172,42
2477,60-1-d12-1.3.I,173,42
2478,60-1-d12-1.3.I,174,42
2479,60-1-d12-1.3.I,175,44
2480,60-1-d12-1.3.I,176,44
2481,60-1-d12-1.3.I,177,44
2482,60-1-d12-1.3.I,178,44
2483,60-1-d12-1.3.I,179,46
2484,60-1-d12-1.3.I,180,46
2485,60-1-d12-1.3.I,181,46
2486,60-1-d12-1.3.I,182,46
2487,60-1-d12-1.3.I,183,46
2488,60-1-d12-1.3.I,184,46
2489,60-1-d12-1.3.I,185,46
2490,60-1-d12-1.3.I,186,46
2491,60-1-d12-1.3.I,187,46
2492,60-1-d12-1.3.I,188,46
2493,60-1-d12-1.3.I,189,46
2494,60-1-d12-1.3.I,190,46
2495,60-1-d12-1.3.I,191,46
2496,60-1-d12-1.3.I,192,46
2497,60-1-d12-1.3.I,193,46
2498,60-1-d12-1.3.I,194,46
2499,60-1-d12-1.3.I,195,46
2500,60-1-d12-1.3.I,196,52
2501,60-1-d12-1.3.I,197,52
2502,60-1-d12-1.3.I,198,52
2503,60-1-d12-1.3.I,199,52
2504,60-1-d12-1.3.I,200,52
2505,60-1-d12-1.3.I,201,52
2506,60-1-d12-1.3.I,202,52
2507,60-1-d12-1.3.I,203,52
2508,60-1-d12-1.3.I,204,52
2509,60-1-d12-1.3.I,205,51
2510,60-1-d12-1.3.I,206,51
2511,60-1-d12-1.3.I,207,51
2512,60-1-d12-1.3.I,208,51
2513,60-1-d12-1.3.I,209,53
2514,60-1-d12-1.3.I,210,53
2515,60-1-d12-1.3.I,211,53
2516,60-1-d12-1.3.I,212,53
2517,60-1-d12-1.3.I,213,53
2518,60-1-d12-1.3.I,214,53
2519,60-1-d12-1.3.I,215,53
2520,60-1-d12-1.3.I,216,53
2521,60-1-d12-1.3.I,217,54
2522,60-1-d12-1.3.I,218,54
2523,60-1-d12-1.3.I,219,55
2524,60-1-d12-1.3.I,220,55
2525,60-1-d12-1.3.I,221,55
2526,60-1-d12-1.1.O,1,55
2527,60-1-d12-1.1.O,2,55
2528,60-1-d12-1.1.O,3,59
2529,60-1-d12-1.1.O,4,59
2530,60-1-d12-1.1.O,5,58
2531,60-1-d12-1.1.O,6,58
2532,60-1-d12-1.1.O,7,58
2533,60-1-d12-1.1.O,8,54
2534,60-1-d12-1.1.O,9,54
2535,60-1-d12-1.1.O,10,54
2536,60-1-d12-1.1.O,11,54
2537,60-1-d12-1.1.O,12,53
2538,60-1-d12-1.1.O,13,53
2539,60-1-d12-1.1.O,14,53
2540,60-1-d12-1.1.O,15,53
2541,60-1-d12-1.1.O,16,51
2542,60-1-d12-1.1.O,17,51
2543,60-1-d12-1.1.O,18,51
2544,60-1-d12-1.1.O,19,51
2545,60-1-d12-1.1.O,20,52
2546,60-1-d12-1.1.O,21,52
2547,60-1-d12-1.1.O,22,52
2548,60-1-d12-1.1.O,23,52
2549,60-1-d12-1.1.O,24,52
2550,60-1-d12-1.1.O,25,52
2551,60-1-d12-1.1.O,26,52
2552,60-1-d12-1.1.O,27,52
2553,60-1-d12-1.1.O,28,46
2554,60-1-d12-1.1.O,29,46
2555,60-1-d12-1.1.O,30,46
2556,60-1-d12-1.1.O,31,46
2557,60-1-d12-1.1.O,32,46
2558,60-1-d12-1.1.O,33,46
2559,60-1-d12-1.1.O,34,46
2560,60-1-d12-1.1.O,35,46
2561,60-1-d12-1.1.O,36,45
2562,60-1-d12-1.1.O,37,46
2563,60-1-d12-1.1.O,38,46
2564,60-1-d12-1.1.O,39,46
2565,60-1-d12-1.1.O,40,46
2566,60-1-d12-1.1.O,41,46
2567,60-1-d12-1.1.O,42,46
2568,60-1-d12-1.1.O,43,46
2569,60-1-d12-1.1.O,44,46
2570,60-1-d12-1.1.O,45,46
2571,60-1-d12-1.1.O,46,44
2572,60-1-d12-1.1.O,47,44
2573,60-1-d12-1.1.O,48,44
2574,60-1-d12-1.1.O,49,42
2575,60-1-d12-1.1.O,50,42
2576,60-1-d12-1.1.O,51,42
2577,60-1-d12-1.1.O,52,33
2578,60-1-d12-1.1.O,53,33
2579,60-1-d12-1.1.O,54,33
2580,60-1-d12-1.1.O,55,28
2581,60-1-d12-1.1.O,56,28
2582,60-1-d12-1.1.O,57,29
2583,60-1-d12-1.1.O,58,29
2584,60-1-d12-1.1.O,59,29
2585,60-1-d12-1.1.O,60,29
2586,60-1-d12-1.1.O,61,22
2587,60-1-d12-1.1.O,62,22
2588,60-1-d12-1.1.O,63,22
2589,60-1-d12-1.1.O,64,19
2590,60-1-d12-1.1.O,65,19
2591,60-1-d12-1.1.O,66,11
2592,60-1-d12-1.1.O,67,11
2593,60-1-d12-1.1.O,68,11
2594,60-1-d12-1.1.O,69,7
2595,60-1-d12-1.1.O,70,7
2596,60-1-d12-1.1.O,71,7
2597,60-1-d12-1.1.O,72,7
2598,60-1-d12-1.1.O,73,20
2599,60-1-d12-1.1.O,74,20
2600,60-1-d12-1.1.O,75,20
2601,60-1-d12-1.1.O,76,19
2602,60-1-d12-1.1.O,77,15
2603,60-1-d12-1.1.O,78,15
2604,60-1-d12-1.1.O,79,17
2605,60-1-d12-1.1.O,80,17
2606,60-1-d12-1.1.O,81,11
2607,60-1-d12-1.1.O,82,11
2608,60-1-d12-1.1.O,83,11
2609,60-1-d12-1.1.O,84,11
2610,60-1-d12-1.1.O,85,15
2611,60-1-d12-1.1.O,86,15
2612,60-1-d12-1.1.O,87,15
2613,60-1-d12-1.1.O,88,15
2614,60-1-d12-1.1.O,89,19
2615,60-1-d12-1.1.O,90,19
2616,60-1-d12-1.1.O,91,19
2617,60-1-d12-1.1.O,92,19
2618,60-1-d12-1.1.O,93,19
2619,60-1-d12-1.1.O,94,21
2620,60-1-d12-1.1.O,95,21
2621,60-1-d12-1.1.O,96,18
2622,60-1-d12-1.1.O,97,18
2623,60-1-d12-1.1.O,98,18
2624,60-1-d12-1.1.O,99,18
2625,60-1-d12-1.1.O,100,18
2626,60-1-d12-1.1.O,101,21
2627,60-1-d12-1.1.O,102,21
2628,60-1-d12-1.1.O,103,10
2629,60-1-d12-1.1.O,104,13
2630,60-1-d12-1.1.O,105,13
2631,60-1-d12-1.1.O,106,13
2632,60-1-d12-1.1.O,107,13
2633,60-1-d12-1.1.O,108,13
2634,60-1-d12-1.1.O,109,13
2635,60-1-d12-1.1.O,110,8
2636,60-1-d12-1.1.O,111,8
2637,60-1-d12-1.1.O,112,8
2638,60-1-d12-1.1.O,113,11
2639,60-1-d12-1.1.O,114,11
2640,60-1-d12-1.1.O,115,11
2641,60-1-d12-1.1.O,116,10
2642,60-1-d12-1.1.O,117,10
2643,60-1-d12-1.1.O,118,8
2644,60-1-d12-1.1.O,119,10
2645,60-1-d12-1.1.O,120,5
2646,60-1-d12-1.1.O,121,5
2647,60-1-d12-1.1.O,122,5
2648,60-1-d12-1.1.O,123,5
2649,60-1-d12-1.1.O,124,5
2650,60-1-d12-1.1.O,125,5
2651,60-1-d12-1.1.O,126,5
2652,60-1-d12-1.1.O,127,5
2653,60-1-d12-1.1.O,128,7
2654,60-1-d12-1.1.O,129,6
2655,60-1-d12-1.1.O,130,6
2656,60-1-d12-1.1.O,131,6
2657,60-1-d12-1.1.O,132,4
2658,60-1-d12-1.1.O,133,4
2659,60-1-d12-1.1.O,134,7
2660,60-1-d12-1.1.O,135,7
2661,60-1-d12-1.1.O,136,7
2662,60-1-d12-1.1.O,137,6
2663,60-1-d12-1.1.O,138,13
2664,60-1-d12-1.1.O,139,13
2665,60-1-d12-1.1.O,140,4
2666,60-1-d12-1.1.O,141,4
2667,60-1-d12-1.1.O,142,5
2668,60-1-d12-1.1.O,143,4
2669,60-1-d12-1.1.O,144,5
2670,60-1-d12-1.1.O,145,5
2671,60-1-d12-1.1.O,146,5
2672,60-1-d12-1.1.O,147,5
2673,60-1-d12-1.1.O,148,5
2674,60-1-d12-1.1.O,149,4
2675,60-1-d12-1.1.O,150,4
2676,60-1-d12-1.1.O,151,2
2677,60-1-d12-1.1.O,152,2
2678,60-1-d12-1.1.O,153,2
2679,60-1-d12-1.1.O,154,3
2680,60-1-d12-1.1.O,155,3
2681,60-1-d12-1.1.O,156,3
2682,60-1-d12-1.1.O,157,3
2683,60-1-d12-1.1.O,158,5
2684,60-1-d12-1.1.O,159,5
2685,60-1-d12-1.1.O,160,5
2686,60-1-d12-1.1.O,161,3
2687,60-1-d12-1.1.O,162,3
2688,60-1-d12-1.1.O,163,3
2689,60-1-d12-1.1.O,164,3
2690,60-1-d12-1.1.O,165,3
2691,60-1-d12-1.1.O,166,3
2692,60-1-d12-1.1.O,167,3
2693,60-1-d12-1.1.O,168,3
2694,60-1-d12-1.1.O,169,3
2695,60-1-d12-1.1.O,170,3
2696,60-1-d12-1.1.O,171,4
2697,60-1-d12-1.1.O,172,4
2698,60-1-d12-1.1.O,173,4
2699,60-1-d12-1.1.O,174,4
2700,60-1-d12-1.1.O,175,4
2701,60-1-d12-1.1.O,176,4
2702,60-1-d12-1.1.O,177,4
2703,60-1-d12-1.1.O,178,4
2704,60-1-d12-1.1.O,179,4
2705,60-1-d12-1.1.O,180,4
2706,60-1-d12-1.1.O,181,4
2707,60-1-d12-1.1.O,182,4
2708,60-1-d12-1.1.O,183,4
2709,60-1-d12-1.1.O,184,4
2710,60-1-d12-1.1.O,185,5
2711,60-1-d12-1.1.O,186,5
2712,60-1-d12-1.1.O,187,5
2713,60-1-d12-1.1.O,188,5
2714,60-1-d12-1.1.O,189,5
2715,60-1-d12-1.1.O,190,5
2716,60-1-d12-1.1.O,191,5
2717,60-1-d12-1.1.O,192,4
2718,60-1-d12-1.1.O,193,4
2719,60-1-d12-1.1.O,194,3
2720,60-1-d12-1.1.O,195,3
2721,60-1-d12-1.1.O,196,3
2722,60-1-d12-1.1.O,197,2
2723,60-1-d12-1.1.O,198,2
2724,60-1-d12-1.1.O,199,4
2725,60-1-d12-1.1.O,200,4
2726,60-1-d12-1.3.I,1,4
2727,60-1-d12-1.3.I,2,4
2728,60-1-d12-1.3.I,3,4
2729,60-1-d12-1.3.I,4,4
2730,60-1-d12-1.3.I,5,4
2731,60-1-d12-1.3.I,6,4
2732,60-1-d12-1.3.I,7,4
2733,60-1-d12-1.3.I,8,4
2734,60-1-d12-1.3.I,9,2
2735,60-1-d12-1.3.I,10,3
2736,60-1-d12-1.3.I,11,3
2737,60-1-d12-1.3.I,12,4
2738,60-1-d12-1.3.I,13,4
2739,60-1-d12-1.3.I,14,5
2740,60-1-d12-1.3.I,15,5
2741,60-1-d12-1.3.I,16,5
2742,60-1-d12-1.3.I,17,5
2743,60-1-d12-1.3.I,18,5
2744,60-1-d12-1.3.I,19,5
2745,60-1-d12-1.3.I,20,5
2746,60-1-d12-1.3.I,21,4
2747,60-1-d12-1.3.I,22,4
2748,60-1-d12-1.3.I,23,4
2749,60-1-d12-1.3.I,24,4
2750,60-1-d12-1.3.I,25,4
2751,60-1-d12-1.3.I,26,4
2752,60-1-d12-1.3.I,27,4
2753,60-1-d12-1.3.I,28,4
2754,60-1-d12-1.3.I,29,4
2755,60-1-d12-1.3.I,30,4
2756,60-1-d12-1.3.I,31,4
2757,60-1-d12-1.3.I,32,4
2758,60-1-d12-1.3.I,33,4
2759,60-1-d12-1.3.I,34,4
2760,60-1-d12-1.3.I,35,4
2761,60-1-d12-1.3.I,36,4
2762,60-1-d12-1.3.I,37,4
2763,60-1-d12-1.3.I,38,4
2764,60-1-d12-1.3.I,39,4
2765,60-1-d12-1.3.I,40,3
2766,60-1-d12-1.3.I,41,3
2767,60-1-d12-1.3.I,42,3
2768,60-1-d12-1.3.I,43,3
2769,60-1-d12-1.3.I,44,3
2770,60-1-d12-1.3.I,45,3
2771,60-1-d12-1.3.I,46,3
2772,60-1-d12-1.3.I,47,3
2773,60-1-d12-1.3.I,48,3
2774,60-1-d12-1.3.I,49,5
2775,60-1-d12-1.3.I,50,5
2776,60-1-d12-1.3.I,51,5
2777,60-1-d12-1.3.I,52,3
2778,60-1-d12-1.3.I,53,3
2779,60-1-d12-1.3.I,54,3
2780,60-1-d12-1.3.I,55,3
2781,60-1-d12-1.3.I,56,2
2782,60-1-d12-1.3.I,57,2
2783,60-1-d12-1.3.I,58,2
2784,60-1-d12-1.3.I,59,2
2785,60-1-d12-1.3.I,60,4
2786,60-1-d12-1.3.I,61,4
2787,60-1-d12-1.3.I,62,5
2788,60-1-d12-1.3.I,63,5
2789,60-1-d12-1.3.I,64,5
2790,60-1-d12-1.3.I,65,4
2791,60-1-d12-1.3.I,66,4
2792,60-1-d12-1.3.I,67,4
2793,60-1-d12-1.3.I,68,5
2794,60-1-d12-1.3.I,69,8
2795,60-1-d12-1.3.I,70,8
2796,60-1-d12-1.3.I,71,8
2797,60-1-d12-1.3.I,72,8
2798,60-1-d12-1.3.I,73,6
2799,60-1-d12-1.3.I,74,6
2800,60-1-d12-1.3.I,75,7
2801,60-1-d12-1.3.I,76,4
2802,60-1-d12-1.3.I,77,4
2803,60-1-d12-1.3.I,78,6
2804,60-1-d12-1.3.I,79,6
2805,60-1-d12-1.3.I,80,6
2806,60-1-d12-1.3.I,81,7
2807,60-1-d12-1.3.I,82,5
2808,60-1-d12-1.3.I,83,5
2809,60-1-d12-1.3.I,84,5
2810,60-1-d12-1.3.I,85,10
2811,60-1-d12-1.3.I,86,12
2812,60-1-d12-1.3.I,87,10
2813,60-1-d12-1.3.I,88,8
2814,60-1-d12-1.3.I,89,10
2815,60-1-d12-1.3.I,90,10
2816,60-1-d12-1.3.I,91,10
2817,60-1-d12-1.3.I,92,12
2818,60-1-d12-1.3.I,93,12
2819,60-1-d12-1.3.I,94,10
2820,60-1-d12-1.3.I,95,10
2821,60-1-d12-1.3.I,96,10
2822,60-1-d12-1.3.I,97,10
2823,60-1-d12-1.3.I,98,10
2824,60-1-d12-1.3.I,99,10
2825,60-1-d12-1.3.I,100,10
2826,60-1-d12-1.3.I,101,8
2827,60-1-d12-1.3.I,102,8
2828,60-1-d12-1.3.I,103,8
2829,60-1-d12-1.3.I,104,8
2830,60-1-d12-1.3.I,105,8
2831,60-1-d12-1.3.I,106,8
2832,60-1-d12-1.3.I,107,8
2833,60-1-d12-1.3.I,108,13
2834,60-1-d12-1.3.I,109,11
2835,60-1-d12-1.3.I,110,11
2836,60-1-d12-1.3.I,111,13
2837,60-1-d12-1.3.I,112,13
2838,60-1-d12-1.3.I,113,13
2839,60-1-d12-1.3.I,114,13
2840,60-1-d12-1.3.I,115,13
2841,60-1-d12-1.3.I,116,9
2842,60-1-d12-1.3.I,117,9
2843,60-1-d12-1.3.I,118,9
2844,60-1-d12-1.3.I,119,9
2845,60-1-d12-1.3.I,120,10
2846,60-1-d12-1.3.I,121,10
2847,60-1-d12-1.3.I,122,13
2848,60-1-d12-1.3.I,123,13
2849,60-1-d12-1.3.I,124,13
2850,60-1-d12-1.3.I,125,19
2851,60-1-d12-1.3.I,126,19
2852,60-1-d12-1.3.I,127,18
2853,60-1-d12-1.3.I,128,18
2854,60-1-d12-1.3.I,129,19
2855,60-1-d12-1.3.I,130,19
2856,60-1-d12-1.3.I,131,19
2857,60-1-d12-1.3.I,132,19
2858,60-1-d12-1.3.I,133,19
2859,60-1-d12-1.3.I,134,16
2860,60-1-d12-1.3.I,135,16
2861,60-1-d12-1.3.I,136,15
2862,60-1-d12-1.3.I,137,15
2863,60-1-d12-1.3.I,138,15
2864,60-1-d12-1.3.I,139,11
2865,60-1-d12-1.3.I,140,11
2866,60-1-d12-1.3.I,141,11
2867,60-1-d12-1.3.I,142,11
2868,60-1-d12-1.3.I,143,17
2869,60-1-d12-1.3.I,144,17
2870,60-1-d12-1.3.I,145,15
2871,60-1-d12-1.3.I,146,15
2872,60-1-d12-1.3.I,147,15
2873,60-1-d12-1.3.I,148,20
2874,60-1-d12-1.3.I,149,20
2875,60-1-d12-1.3.I,150,20
2876,60-1-d12-1.3.I,151,20
2877,60-1-d12-1.3.I,152,7
2878,60-1-d12-1.3.I,153,7
2879,60-1-d12-1.3.I,154,7
2880,60-1-d12-1.3.I,155,7
2881,60-1-d12-1.3.I,156,11
2882,60-1-d12-1.3.I,157,11
2883,60-1-d12-1.3.I,158,11
2884,60-1-d12-1.3.I,159,19
2885,60-1-d12-1.3.I,160,19
2886,60-1-d12-1.3.I,161,22
2887,60-1-d12-1.3.I,162,22
2888,60-1-d12-1.3.I,163,22
2889,60-1-d12-1.3.I,164,22
2890,60-1-d12-1.3.I,165,29
2891,60-1-d12-1.3.I,166,29
2892,60-1-d12-1.3.I,167,28
2893,60-1-d12-1.3.I,168,28
2894,60-1-d12-1.3.I,169,28
2895,60-1-d12-1.3.I,170,33
2896,60-1-d12-1.3.I,171,33
2897,60-1-d12-1.3.I,172,42
2898,60-1-d12-1.3.I,173,42
2899,60-1-d12-1.3.I,174,42
2900,60-1-d12-1.3.I,175,44
2901,60-1-d12-1.3.I,176,44
2902,60-1-d12-1.3.I,177,44
2903,60-1-d12-1.3.I,178,44
2904,60-1-d12-1.3.I,179,46
2905,60-1-d12-1.3.I,180,46
2906,60-1-d12-1.3.I,181,46
2907,60-1-d12-1.3.I,182,46
2908,60-1-d12-1.3.I,183,46
2909,60-1-d12-1.3.I,184,46
2910,60-1-d12-1.3.I,185,46
2911,60-1-d12-1.3.I,186,46
2912,60-1-d12-1.3.I,187,46
2913,60-1-d12-1.3.I,188,46
2914,60-1-d12-1.3.I,189,46
2915,60-1-d12-1.3.I,190,46
2916,60-1-d12-1.3.I,191,46
2917,60-1-d12-1.3.I,192,46
2918,60-1-d12-1.3.I,193,46
2919,60-1-d12-1.3.I,194,46
2920,60-1-d12-1.3.I,195,46
2921,60-1-d12-1.3.I,196,52
2922,60-1-d12-1.3.I,197,52
2923,60-1-d12-1.3.I,198,52
2924,60-1-d12-1.3.I,199,52
2925,60-1-d12-1.3.I,200,52
2926,60-1-d12-1.3.I,201,52
2927,60-1-d12-1.3.I,202,52
2928,60-1-d12-1.3.I,203,52
2929,60-1-d12-1.3.I,204,52
2930,60-1-d12-1.3.I,205,51
2931,60-1-d12-1.3.I,206,51
2932,60-1-d12-1.3.I,207,51
2933,60-1-d12-1.3.I,208,51
2934,60-1-d12-1.3.I,209,53
2935,60-1-d12-1.3.I,210,53
2936,60-1-d12-1.3.I,211,53
2937,60-1-d12-1.3.I,212,53
2938,60-1-d12-1.3.I,213,53
2939,60-1-d12-1.3.I,214,53
2940,60-1-d12-1.3.I,215,53
2941,60-1-d12-1.3.I,216,53
2942,60-1-d12-1.3.I,217,54
2943,60-1-d12-1.3.I,218,54
2944,60-1-d12-1.3.I,219,55
2945,60-1-d12-1.3.I,220,55
2946,60-1-d12-1.3.I,221,55
